region,species,1980,1981,1982,1983,1984,1985,1986,1987,1988,1989,1990,1991,1992,1993,1994,1995,1996,1997,1998,1999,2000,2001,2002,2003,2004,2005,2006,2007,2008,2009,2010,2011,2012,2013,2014,2015,nplot,trend,trend_se,trend_category
Andalucia,Aeshna mixta,NA,NA,NA,NA,NA,NA,NA,NA,NA,NA,NA,NA,NA,NA,NA,NA,NA,NA,NA,NA,NA,NA,NA,NA,NA,NA,100,166,167,89,156,177,147,166,117,140,69,1.0402,0.0677,uncertain
Andalucia,Anax imperator,NA,NA,NA,NA,NA,NA,NA,NA,NA,NA,NA,NA,NA,NA,NA,NA,NA,NA,NA,NA,NA,NA,NA,NA,NA,NA,100,207,207,196,214,212,212,214,217,220,327,1.0624,0.0461,uncertain
Andalucia,Anax parthenope,NA,NA,NA,NA,NA,NA,NA,NA,NA,NA,NA,NA,NA,NA,NA,NA,NA,NA,NA,NA,NA,NA,NA,NA,NA,NA,100,166,157,161,155,155,159,162,178,159,146,1.0418,0.0428,uncertain
Andalucia,Boyeria irene,NA,NA,NA,NA,NA,NA,NA,NA,NA,NA,NA,NA,NA,NA,NA,NA,NA,NA,NA,NA,NA,NA,NA,NA,NA,NA,100,144,154,183,185,194,202,221,204,197,100,1.087,0.0552,uncertain
Andalucia,Calopteryx haemorrhoidalis,NA,NA,NA,NA,NA,NA,NA,NA,NA,NA,NA,NA,NA,NA,NA,NA,NA,NA,NA,NA,NA,NA,NA,NA,NA,NA,100,96,110,108,107,111,109,110,105,113,240,1.0129,0.0152,stable
Andalucia,Chalcolestes viridis,NA,NA,NA,NA,NA,NA,NA,NA,NA,NA,NA,NA,NA,NA,NA,NA,NA,NA,NA,NA,NA,NA,NA,NA,NA,NA,100,79,117,100,108,89,71,117,94,110,87,1.0122,0.0338,uncertain
Andalucia,Coenagrion mercuriale,NA,NA,NA,NA,NA,NA,NA,NA,NA,NA,NA,NA,NA,NA,NA,NA,NA,NA,NA,NA,NA,NA,NA,NA,NA,NA,100,100,135,124,72,113,64,94,128,123,28,1.0063,0.0465,uncertain
Andalucia,Cordulegaster boltonii,NA,NA,NA,NA,NA,NA,NA,NA,NA,NA,NA,NA,NA,NA,NA,NA,NA,NA,NA,NA,NA,NA,NA,NA,NA,NA,100,123,134,127,136,137,127,137,141,119,146,1.0209,0.0297,uncertain
Andalucia,Crocothemis erythraea,NA,NA,NA,NA,NA,NA,NA,NA,NA,NA,NA,NA,NA,NA,NA,NA,NA,NA,NA,NA,NA,NA,NA,NA,NA,NA,100,75,89,65,102,98,103,98,104,107,312,1.0323,0.0182,uncertain
Andalucia,Enallagma cyathigerum,NA,NA,NA,NA,NA,NA,NA,NA,NA,NA,NA,NA,NA,NA,NA,NA,NA,NA,NA,NA,NA,NA,NA,NA,NA,NA,100,336,281,271,339,264,166,320,369,328,70,1.0994,0.0741,uncertain
Andalucia,Erythromma lindenii,NA,NA,NA,NA,NA,NA,NA,NA,NA,NA,NA,NA,NA,NA,NA,NA,NA,NA,NA,NA,NA,NA,NA,NA,NA,NA,100,97,106,109,108,81,104,109,110,105,138,1.0077,0.0159,stable
Andalucia,Ischnura graellsii,NA,NA,NA,NA,NA,NA,NA,NA,NA,NA,NA,NA,NA,NA,NA,NA,NA,NA,NA,NA,NA,NA,NA,NA,NA,NA,100,102,102,94,103,101,93,97,104,102,405,1.0012,0.0091,stable
Andalucia,Libellula depressa,NA,NA,NA,NA,NA,NA,NA,NA,NA,NA,NA,NA,NA,NA,NA,NA,NA,NA,NA,NA,NA,NA,NA,NA,NA,NA,100,103,108,64,92,68,87,120,118,113,34,1.0288,0.0451,uncertain
Andalucia,Onychogomphus uncatus,NA,NA,NA,NA,NA,NA,NA,NA,NA,NA,NA,NA,NA,NA,NA,NA,NA,NA,NA,NA,NA,NA,NA,NA,NA,NA,100,113,121,128,76,129,140,131,134,128,85,1.0348,0.0307,uncertain
Andalucia,Orthetrum brunneum,NA,NA,NA,NA,NA,NA,NA,NA,NA,NA,NA,NA,NA,NA,NA,NA,NA,NA,NA,NA,NA,NA,NA,NA,NA,NA,100,79,141,104,111,135,142,113,148,161,104,1.0769,0.063,uncertain
Andalucia,Orthetrum cancellatum,NA,NA,NA,NA,NA,NA,NA,NA,NA,NA,NA,NA,NA,NA,NA,NA,NA,NA,NA,NA,NA,NA,NA,NA,NA,NA,100,396,322,251,362,351,331,342,340,339,106,1.1109,0.0818,uncertain
Andalucia,Orthetrum chrysostigma,NA,NA,NA,NA,NA,NA,NA,NA,NA,NA,NA,NA,NA,NA,NA,NA,NA,NA,NA,NA,NA,NA,NA,NA,NA,NA,100,117,115,105,126,130,129,131,134,133,281,1.0337,0.0227,uncertain
Andalucia,Orthetrum coerulescens,NA,NA,NA,NA,NA,NA,NA,NA,NA,NA,NA,NA,NA,NA,NA,NA,NA,NA,NA,NA,NA,NA,NA,NA,NA,NA,100,46,131,122,128,112,111,105,117,118,117,1.0596,0.0475,uncertain
Andalucia,Platycnemis acutipennis,NA,NA,NA,NA,NA,NA,NA,NA,NA,NA,NA,NA,NA,NA,NA,NA,NA,NA,NA,NA,NA,NA,NA,NA,NA,NA,100,141,122,110,100,110,123,124,147,112,43,1.0214,0.0498,uncertain
Andalucia,Platycnemis latipes,NA,NA,NA,NA,NA,NA,NA,NA,NA,NA,NA,NA,NA,NA,NA,NA,NA,NA,NA,NA,NA,NA,NA,NA,NA,NA,100,63,134,118,127,133,139,137,141,135,194,1.0637,0.0296,moderate_increase
Andalucia,Pyrrhosoma nymphula,NA,NA,NA,NA,NA,NA,NA,NA,NA,NA,NA,NA,NA,NA,NA,NA,NA,NA,NA,NA,NA,NA,NA,NA,NA,NA,100,180,200,181,172,194,186,157,150,185,37,1.0381,0.0542,uncertain
Andalucia,Sympetrum fonscolombii,NA,NA,NA,NA,NA,NA,NA,NA,NA,NA,NA,NA,NA,NA,NA,NA,NA,NA,NA,NA,NA,NA,NA,NA,NA,NA,100,104,94,101,99,100,98,93,97,104,362,0.9992,0.0094,stable
Andalucia,Sympetrum sinaiticum,NA,NA,NA,NA,NA,NA,NA,NA,NA,NA,NA,NA,NA,NA,NA,NA,NA,NA,NA,NA,NA,NA,NA,NA,NA,NA,100,159,177,153,152,90,153,123,153,222,46,1.0487,0.0594,uncertain
Andalucia,Sympetrum striolatum,NA,NA,NA,NA,NA,NA,NA,NA,NA,NA,NA,NA,NA,NA,NA,NA,NA,NA,NA,NA,NA,NA,NA,NA,NA,NA,100,192,214,187,211,204,195,221,141,192,96,1.0548,0.0783,uncertain
Andalucia,Trithemis annulata,NA,NA,NA,NA,NA,NA,NA,NA,NA,NA,NA,NA,NA,NA,NA,NA,NA,NA,NA,NA,NA,NA,NA,NA,NA,NA,100,99,95,90,102,100,100,99,109,106,290,1.0112,0.0082,stable
Andalucia,Trithemis kirbyi,NA,NA,NA,NA,NA,NA,NA,NA,NA,NA,NA,NA,NA,NA,NA,NA,NA,NA,NA,NA,NA,NA,NA,NA,NA,NA,100,79,171,147,215,233,233,236,232,231,252,1.1649,0.0828,uncertain
Bavaria,Aeshna affinis,NA,NA,NA,NA,NA,NA,NA,NA,NA,NA,100,75,78,64,223,249,107,179,129,106,151,120,130,141,188,160,200,113,201,172,174,135,168,188,NA,NA,60,1.0347,0.0232,uncertain
Bavaria,Aeshna cyanea,NA,NA,NA,NA,NA,NA,NA,NA,NA,NA,100,98,99,84,100,98,98,98,93,96,96,95,94,95,95,97,96,80,97,98,95,93,92,97,NA,NA,2888,0.9983,0.0015,stable
Bavaria,Aeshna grandis,NA,NA,NA,NA,NA,NA,NA,NA,NA,NA,100,97,99,99,100,98,98,91,87,91,90,96,98,90,78,98,98,90,96,99,94,94,90,97,NA,NA,1352,0.9979,0.0014,stable
Bavaria,Aeshna isoceles,NA,NA,NA,NA,NA,NA,NA,NA,NA,NA,100,345,138,284,303,199,176,237,314,286,404,354,337,396,184,296,300,344,276,272,329,421,362,317,NA,NA,113,1.0341,0.0141,moderate_increase
Bavaria,Aeshna juncea,NA,NA,NA,NA,NA,NA,NA,NA,NA,NA,100,79,100,84,98,99,74,94,85,77,85,92,96,88,83,91,95,72,93,96,65,69,94,86,NA,NA,560,0.995,0.004,stable
Bavaria,Aeshna mixta,NA,NA,NA,NA,NA,NA,NA,NA,NA,NA,100,97,100,99,100,100,93,89,95,98,88,90,86,87,79,97,100,93,91,97,97,90,60,93,NA,NA,1472,0.9923,0.0049,stable
Bavaria,Aeshna subarctica,NA,NA,NA,NA,NA,NA,NA,NA,NA,NA,100,60,116,95,91,97,49,94,76,81,40,99,77,63,88,51,83,62,71,82,115,86,102,82,NA,NA,79,0.9998,0.0095,stable
Bavaria,Anax ephippiger,NA,NA,NA,NA,NA,NA,NA,NA,NA,NA,100,102,106,98,79,226,80,103,120,89,130,107,102,116,113,111,103,115,114,108,134,104,113,121,NA,NA,58,1.0127,0.0235,uncertain
Bavaria,Anax imperator,NA,NA,NA,NA,NA,NA,NA,NA,NA,NA,100,102,105,110,114,111,99,103,104,103,106,106,109,105,104,107,111,106,110,112,109,102,87,111,NA,NA,2429,0.9999,0.0017,stable
Bavaria,Anax parthenope,NA,NA,NA,NA,NA,NA,NA,NA,NA,NA,100,180,97,114,121,280,231,234,347,325,336,344,358,334,219,347,331,195,344,386,384,342,327,384,NA,NA,229,1.0545,0.0145,moderate_increase
Bavaria,Brachytron pratense,NA,NA,NA,NA,NA,NA,NA,NA,NA,NA,100,128,115,87,123,100,128,75,133,127,150,161,137,117,105,148,145,102,151,138,116,137,150,157,NA,NA,215,1.0151,0.0077,stable
Bavaria,Calopteryx splendens,NA,NA,NA,NA,NA,NA,NA,NA,NA,NA,100,89,101,102,102,103,102,101,94,93,98,99,100,96,91,90,98,90,100,102,99,95,91,99,NA,NA,2602,0.9984,0.0013,stable
Bavaria,Calopteryx virgo,NA,NA,NA,NA,NA,NA,NA,NA,NA,NA,100,89,96,87,100,96,99,88,86,82,87,98,99,103,101,100,103,97,99,101,103,99,94,103,NA,NA,2302,1.0042,0.0014,moderate_increase
Bavaria,Chalcolestes viridis,NA,NA,NA,NA,NA,NA,NA,NA,NA,NA,100,97,97,98,99,99,95,91,92,89,88,89,92,93,94,95,95,88,93,97,96,94,50,91,NA,NA,1450,0.9911,0.0051,stable
Bavaria,Coenagrion hastulatum,NA,NA,NA,NA,NA,NA,NA,NA,NA,NA,100,88,97,98,100,100,82,87,82,72,94,87,93,84,93,88,96,93,100,99,98,101,78,95,NA,NA,489,1.0002,0.0032,stable
Bavaria,Coenagrion mercuriale,NA,NA,NA,NA,NA,NA,NA,NA,NA,NA,100,103,129,95,143,103,94,127,72,130,131,100,112,105,39,118,116,109,127,118,116,128,141,100,NA,NA,97,1.0028,0.0072,stable
Bavaria,Coenagrion ornatum,NA,NA,NA,NA,NA,NA,NA,NA,NA,NA,100,65,71,153,184,180,151,206,185,181,160,165,145,129,101,74,222,216,85,173,224,214,216,175,NA,NA,100,1.0249,0.0177,uncertain
Bavaria,Coenagrion puella,NA,NA,NA,NA,NA,NA,NA,NA,NA,NA,100,98,97,97,102,100,96,96,93,96,93,94,92,88,96,83,91,86,96,98,95,92,66,93,NA,NA,4144,0.9935,0.0013,moderate_decline
Bavaria,Coenagrion pulchellum,NA,NA,NA,NA,NA,NA,NA,NA,NA,NA,100,100,93,103,107,100,87,90,92,92,99,103,102,96,92,101,93,83,101,102,88,49,56,98,NA,NA,444,0.9871,0.0053,moderate_decline
Bavaria,Cordulegaster bidentata,NA,NA,NA,NA,NA,NA,NA,NA,NA,NA,100,89,96,75,67,79,64,78,89,39,78,83,39,95,89,92,85,40,82,83,47,61,80,82,NA,NA,163,0.9893,0.0082,stable
Bavaria,Cordulegaster boltonii,NA,NA,NA,NA,NA,NA,NA,NA,NA,NA,100,98,87,89,97,97,78,55,83,78,68,87,90,89,84,92,95,60,87,97,88,91,94,101,NA,NA,734,1.001,0.004,stable
Bavaria,Cordulia aenea,NA,NA,NA,NA,NA,NA,NA,NA,NA,NA,100,97,94,87,100,91,91,90,91,88,102,100,98,97,97,100,100,94,100,100,101,100,73,97,NA,NA,1214,1.0002,0.0023,stable
Bavaria,Crocothemis erythraea,NA,NA,NA,NA,NA,NA,NA,NA,NA,NA,100,361,355,674,798,1213,1034,803,735,769,589,932,689,1254,1113,1237,1166,1146,1238,1310,1188,882,1206,1276,NA,NA,244,1.0686,0.0195,moderate_increase
Bavaria,Enallagma cyathigerum,NA,NA,NA,NA,NA,NA,NA,NA,NA,NA,100,94,97,92,101,97,91,86,88,88,87,88,88,84,82,87,78,68,81,92,85,73,63,70,NA,NA,3032,0.9865,0.0018,moderate_decline
Bavaria,Erythromma lindenii,NA,NA,NA,NA,NA,NA,NA,NA,NA,NA,100,102,104,104,109,113,93,75,100,92,93,104,91,87,88,73,78,51,83,103,77,62,75,108,NA,NA,246,0.9831,0.0074,moderate_decline
Bavaria,Erythromma najas,NA,NA,NA,NA,NA,NA,NA,NA,NA,NA,100,108,101,111,114,109,98,91,98,109,109,102,105,113,109,114,111,81,110,114,114,115,87,109,NA,NA,996,1.0007,0.0027,stable
Bavaria,Erythromma viridulum,NA,NA,NA,NA,NA,NA,NA,NA,NA,NA,100,65,91,132,139,146,134,105,118,126,116,131,122,124,123,138,133,123,142,140,118,121,109,141,NA,NA,543,1.0108,0.005,moderate_increase
Bavaria,Gomphus pulchellus,NA,NA,NA,NA,NA,NA,NA,NA,NA,NA,100,108,100,132,114,125,119,80,79,106,115,120,98,143,135,133,159,153,161,168,148,156,122,140,NA,NA,275,1.0208,0.0065,moderate_increase
Bavaria,Gomphus vulgatissimus,NA,NA,NA,NA,NA,NA,NA,NA,NA,NA,100,108,128,88,128,130,106,111,114,106,82,103,113,130,120,104,118,110,112,90,102,118,87,119,NA,NA,258,0.998,0.0063,stable
Bavaria,Ischnura elegans,NA,NA,NA,NA,NA,NA,NA,NA,NA,NA,100,95,99,100,103,103,97,93,96,98,92,92,95,93,97,90,98,95,97,99,98,85,76,90,NA,NA,4205,0.9948,0.0013,moderate_decline
Bavaria,Ischnura pumilio,NA,NA,NA,NA,NA,NA,NA,NA,NA,NA,100,89,101,107,108,102,84,99,86,80,80,89,89,91,91,95,95,69,97,100,96,92,87,104,NA,NA,640,0.9971,0.0036,stable
Bavaria,Lestes barbarus,NA,NA,NA,NA,NA,NA,NA,NA,NA,NA,100,90,53,32,198,221,193,149,133,102,138,123,150,138,149,168,217,169,169,165,141,84,80,145,NA,NA,138,1.0204,0.0179,uncertain
Bavaria,Lestes dryas,NA,NA,NA,NA,NA,NA,NA,NA,NA,NA,100,36,89,90,102,100,85,60,71,71,64,64,66,62,62,74,80,67,92,100,89,93,80,93,NA,NA,359,1.0062,0.0069,stable
Bavaria,Lestes sponsa,NA,NA,NA,NA,NA,NA,NA,NA,NA,NA,100,92,95,97,98,96,92,92,88,89,90,91,91,91,88,85,88,83,92,97,88,90,65,91,NA,NA,1981,0.9935,0.0025,moderate_decline
Bavaria,Lestes virens,NA,NA,NA,NA,NA,NA,NA,NA,NA,NA,100,103,44,89,107,110,94,76,77,83,78,54,73,66,66,107,113,97,100,114,113,109,50,95,NA,NA,250,1.0037,0.0087,stable
Bavaria,Leucorrhinia dubia,NA,NA,NA,NA,NA,NA,NA,NA,NA,NA,100,107,107,100,104,86,85,97,87,77,92,100,91,95,83,105,103,74,105,99,96,102,103,97,NA,NA,461,0.9999,0.0033,stable
Bavaria,Leucorrhinia pectoralis,NA,NA,NA,NA,NA,NA,NA,NA,NA,NA,100,99,131,102,114,85,120,130,64,52,161,87,138,131,85,161,131,152,163,142,167,176,182,140,NA,NA,97,1.0286,0.0083,moderate_increase
Bavaria,Leucorrhinia rubicunda,NA,NA,NA,NA,NA,NA,NA,NA,NA,NA,100,61,89,80,78,27,31,96,87,53,70,82,79,81,59,34,46,97,100,72,64,100,86,67,NA,NA,71,1.0076,0.012,stable
Bavaria,Libellula depressa,NA,NA,NA,NA,NA,NA,NA,NA,NA,NA,100,98,99,100,101,100,96,94,93,90,92,96,97,94,95,87,95,73,89,94,91,85,56,93,NA,NA,2616,0.9896,0.0019,moderate_decline
Bavaria,Libellula fulva,NA,NA,NA,NA,NA,NA,NA,NA,NA,NA,100,108,61,122,123,102,80,70,92,86,134,120,128,124,83,82,120,68,87,103,122,67,113,112,NA,NA,95,1.001,0.0106,stable
Bavaria,Libellula quadrimaculata,NA,NA,NA,NA,NA,NA,NA,NA,NA,NA,100,98,99,98,103,102,99,98,99,95,100,97,95,97,99,80,96,97,102,98,100,100,80,97,NA,NA,2378,0.9969,0.0014,moderate_decline
Bavaria,Nehalennia speciosa,NA,NA,NA,NA,NA,NA,NA,NA,NA,NA,100,80,102,89,63,70,82,73,88,88,88,74,91,100,99,92,94,96,107,111,65,57,78,84,NA,NA,50,0.9996,0.0094,stable
Bavaria,Onychogomphus forcipatus,NA,NA,NA,NA,NA,NA,NA,NA,NA,NA,100,97,113,126,121,98,107,117,121,113,110,105,118,126,135,104,128,116,127,119,125,96,100,110,NA,NA,331,1.0022,0.0048,stable
Bavaria,Ophiogomphus cecilia,NA,NA,NA,NA,NA,NA,NA,NA,NA,NA,100,122,128,112,125,121,73,117,127,125,132,106,111,119,117,50,96,120,123,137,130,104,127,134,NA,NA,395,1.0019,0.0039,stable
Bavaria,Orthetrum brunneum,NA,NA,NA,NA,NA,NA,NA,NA,NA,NA,100,67,103,103,116,115,87,82,91,84,75,93,98,111,96,89,116,103,105,112,107,110,96,116,NA,NA,511,1.0081,0.0037,moderate_increase
Bavaria,Orthetrum cancellatum,NA,NA,NA,NA,NA,NA,NA,NA,NA,NA,100,105,105,107,111,110,104,106,106,101,98,100,102,97,105,103,105,98,106,109,101,95,82,107,NA,NA,2475,0.9964,0.0017,moderate_decline
Bavaria,Orthetrum coerulescens,NA,NA,NA,NA,NA,NA,NA,NA,NA,NA,100,95,117,92,146,151,113,138,125,123,134,147,137,159,141,141,135,128,159,134,144,118,150,146,NA,NA,377,1.0128,0.0066,stable
Bavaria,Platycnemis pennipes,NA,NA,NA,NA,NA,NA,NA,NA,NA,NA,100,100,104,101,105,106,102,98,99,94,99,84,104,99,103,102,104,96,103,106,106,104,96,105,NA,NA,2766,1.0008,0.0012,stable
Bavaria,Pyrrhosoma nymphula,NA,NA,NA,NA,NA,NA,NA,NA,NA,NA,100,100,97,100,100,100,95,93,95,95,93,99,98,88,100,95,100,84,95,96,93,90,77,95,NA,NA,2514,0.9951,0.0017,moderate_decline
Bavaria,Somatochlora alpestris,NA,NA,NA,NA,NA,NA,NA,NA,NA,NA,100,94,95,55,91,61,52,84,59,69,76,91,64,66,47,56,83,41,90,64,53,71,96,76,NA,NA,78,0.9911,0.0116,stable
Bavaria,Somatochlora arctica,NA,NA,NA,NA,NA,NA,NA,NA,NA,NA,100,107,122,87,109,68,71,75,62,83,100,105,102,100,99,101,107,78,108,104,121,66,102,47,NA,NA,203,0.9932,0.0101,stable
Bavaria,Somatochlora flavomaculata,NA,NA,NA,NA,NA,NA,NA,NA,NA,NA,100,93,110,113,116,117,89,111,105,104,101,111,109,112,106,115,117,104,115,116,113,108,99,96,NA,NA,575,1.0014,0.0031,stable
Bavaria,Somatochlora metallica,NA,NA,NA,NA,NA,NA,NA,NA,NA,NA,100,98,100,97,101,101,97,96,95,79,95,99,97,97,97,98,99,62,84,100,97,91,83,88,NA,NA,1292,0.9938,0.0027,moderate_decline
Bavaria,Sympecma fusca,NA,NA,NA,NA,NA,NA,NA,NA,NA,NA,100,111,115,118,119,119,109,84,112,115,116,109,108,115,114,102,113,113,114,118,110,114,75,102,NA,NA,1064,0.9967,0.0034,stable
Bavaria,Sympecma paedisca,NA,NA,NA,NA,NA,NA,NA,NA,NA,NA,100,101,117,112,60,83,70,79,90,47,54,96,77,52,66,68,78,51,44,31,103,117,117,67,NA,NA,113,0.9846,0.0093,stable
Bavaria,Sympetrum danae,NA,NA,NA,NA,NA,NA,NA,NA,NA,NA,100,99,99,94,94,93,82,91,73,96,92,92,93,85,71,75,85,79,91,91,84,84,83,84,NA,NA,1154,0.993,0.0023,moderate_decline
Bavaria,Sympetrum depressiusculum,NA,NA,NA,NA,NA,NA,NA,NA,NA,NA,100,113,120,93,114,98,79,94,96,97,58,86,76,79,71,91,102,55,108,46,96,68,121,97,NA,NA,102,0.9858,0.0102,stable
Bavaria,Sympetrum flaveolum,NA,NA,NA,NA,NA,NA,NA,NA,NA,NA,100,107,69,47,149,147,140,150,118,95,87,43,103,88,123,132,126,69,107,107,109,99,66,51,NA,NA,268,0.9905,0.0155,stable
Bavaria,Sympetrum fonscolombii,NA,NA,NA,NA,NA,NA,NA,NA,NA,NA,100,96,35,54,94,85,114,87,99,84,68,86,90,108,42,38,94,116,64,114,77,64,99,99,NA,NA,256,1.0041,0.0088,stable
Bavaria,Sympetrum pedemontanum,NA,NA,NA,NA,NA,NA,NA,NA,NA,NA,100,87,105,98,96,101,76,91,79,56,75,66,71,64,64,53,80,70,54,66,78,90,83,61,NA,NA,170,0.9817,0.0068,moderate_decline
Bavaria,Sympetrum sanguineum,NA,NA,NA,NA,NA,NA,NA,NA,NA,NA,100,97,101,101,105,106,100,103,85,94,76,97,103,96,102,103,105,92,103,105,97,96,51,102,NA,NA,2462,0.9942,0.002,moderate_decline
Bavaria,Sympetrum striolatum,NA,NA,NA,NA,NA,NA,NA,NA,NA,NA,100,92,98,96,101,101,98,94,75,86,92,94,84,73,87,95,96,87,85,98,98,95,89,87,NA,NA,805,0.9968,0.0027,stable
Bavaria,Sympetrum vulgatum,NA,NA,NA,NA,NA,NA,NA,NA,NA,NA,100,96,100,99,101,100,94,93,98,91,82,91,94,92,91,95,98,65,96,98,92,94,59,85,NA,NA,2166,0.9909,0.0023,moderate_decline
Britain,Aeshna caerulea,63,73,135,72,89,98,131,81,94,145,100,97,107,118,106,154,69,79,105,114,97,78,113,120,91,148,137,116,76,130,118,103,144,NA,NA,NA,119,1.0136,0.0118,stable
Britain,Aeshna cyanea,102,110,121,120,112,116,118,114,112,120,100,125,118,127,128,119,121,123,117,133,124,138,131,135,127,136,133,136,141,144,143,140,144,NA,NA,NA,10516,1.0085,0.0007,moderate_increase
Britain,Aeshna grandis,93,99,104,109,104,101,101,104,100,103,100,108,107,109,114,112,110,112,109,113,110,116,113,118,113,114,109,112,111,116,116,120,120,NA,NA,NA,9877,1.0054,0.0006,moderate_increase
Britain,Aeshna isoceles,132,65,87,53,61,100,66,68,51,148,100,80,117,105,104,95,77,95,127,131,128,131,111,137,123,139,130,138,137,140,141,145,141,NA,NA,NA,237,1.0279,0.0068,moderate_increase
Britain,Aeshna juncea,92,103,109,111,102,84,106,107,95,99,100,100,102,99,104,112,100,103,103,108,106,107,104,110,103,106,106,105,107,108,113,111,112,NA,NA,NA,5772,1.0033,0.0009,moderate_increase
Britain,Aeshna mixta,76,75,90,97,92,84,75,78,78,88,100,109,104,101,104,106,110,115,112,114,120,121,127,127,126,125,128,126,126,127,126,131,133,NA,NA,NA,7768,1.0178,0.0008,moderate_increase
Britain,Anax imperator,79,73,72,92,95,87,84,75,72,81,100,99,112,110,110,118,122,114,108,118,121,119,118,125,123,132,135,128,127,128,129,128,125,NA,NA,NA,8814,1.0187,0.001,moderate_increase
Britain,Anax parthenope,98,97,95,94,90,98,99,98,91,92,100,119,86,108,94,86,91,39,82,81,78,59,115,88,81,88,174,121,69,88,106,89,47,NA,NA,NA,179,1.0034,0.0124,stable
Britain,Brachytron pratense,91,69,114,90,89,76,96,90,88,92,100,98,108,104,101,109,115,108,114,107,120,113,108,107,117,113,122,105,120,126,133,137,130,NA,NA,NA,2041,1.0135,0.0015,moderate_increase
Britain,Calopteryx splendens,85,96,114,117,117,119,110,103,95,102,100,104,117,119,121,119,122,116,105,117,124,125,122,133,132,133,140,133,127,131,133,130,129,NA,NA,NA,8912,1.0096,0.0008,moderate_increase
Britain,Calopteryx virgo,93,80,99,103,102,103,110,98,93,96,100,91,101,90,90,95,95,95,91,91,86,92,85,93,92,109,118,112,114,124,123,113,120,NA,NA,NA,4279,1.0057,0.0011,moderate_increase
Britain,Ceriagrion tenellum,112,119,110,120,117,98,99,101,99,110,100,103,102,95,102,98,104,91,98,88,95,102,106,89,92,104,105,101,99,97,103,96,103,NA,NA,NA,606,0.9963,0.0017,moderate_decline
Britain,Chalcolestes viridis,103,114,108,122,106,103,104,113,133,113,100,99,117,125,114,106,132,106,123,121,121,121,108,102,114,101,116,110,115,207,202,211,224,NA,NA,NA,125,1.0174,0.0105,stable
Britain,Coenagrion puella,90,99,103,108,107,107,107,106,101,97,100,100,101,104,103,103,105,104,102,107,107,106,107,107,105,105,107,104,111,111,115,115,112,NA,NA,NA,13898,1.0032,0.0004,moderate_increase
Britain,Coenagrion pulchellum,104,107,110,118,116,111,111,107,114,101,100,109,115,103,114,120,103,93,88,98,91,90,86,102,104,101,105,101,113,112,111,112,119,NA,NA,NA,707,0.9987,0.0018,stable
Britain,Cordulegaster boltonii,93,104,115,116,106,104,116,118,112,113,100,93,113,115,119,113,105,103,100,114,109,113,110,116,115,122,128,118,124,131,136,130,119,NA,NA,NA,6140,1.0057,0.001,moderate_increase
Britain,Cordulia aenea,103,69,84,77,81,79,75,75,87,104,100,109,107,106,109,104,107,101,88,92,100,106,96,105,95,98,115,104,115,111,113,100,114,NA,NA,NA,808,1.0099,0.0025,moderate_increase
Britain,Enallagma cyathigerum,90,90,100,104,101,100,103,102,99,98,100,98,100,96,99,100,98,98,95,98,98,99,100,102,101,101,104,103,104,107,108,106,107,NA,NA,NA,17601,1.0026,0.0004,moderate_increase
Britain,Erythromma najas,91,73,72,80,78,85,93,91,82,95,100,97,111,106,99,89,103,108,100,105,113,115,116,123,124,120,130,123,127,135,137,135,137,NA,NA,NA,3712,1.0184,0.0014,moderate_increase
Britain,Erythromma viridulum,97,95,81,81,105,85,82,88,88,122,100,105,103,89,91,98,81,107,109,115,69,88,83,106,156,142,174,174,156,164,160,163,156,NA,NA,NA,807,1.0229,0.0047,moderate_increase
Britain,Gomphus vulgatissimus,94,101,109,82,113,129,109,99,99,110,100,122,130,125,116,85,113,102,77,120,110,85,98,102,105,108,104,94,102,102,85,79,63,NA,NA,NA,485,0.9942,0.0037,stable
Britain,Ischnura elegans,93,94,98,103,102,103,104,102,101,100,100,102,102,101,99,101,101,101,99,101,103,102,104,105,104,104,105,105,106,105,106,105,105,NA,NA,NA,18594,1.0022,0.0003,moderate_increase
Britain,Ischnura pumilio,23,86,65,108,95,75,75,106,75,92,100,93,88,88,77,54,58,51,43,57,65,61,64,69,54,64,62,53,57,59,55,54,50,NA,NA,NA,571,0.99,0.0044,moderate_decline
Britain,Lestes dryas,40,73,51,85,68,60,99,95,101,105,100,81,103,102,81,56,98,87,107,96,70,102,98,77,93,86,79,58,80,51,117,56,94,NA,NA,NA,132,1.0075,0.0085,stable
Britain,Lestes sponsa,88,85,93,99,100,99,95,98,98,99,100,101,100,96,92,102,97,99,93,99,96,97,98,102,96,97,102,95,94,98,102,101,107,NA,NA,NA,7126,1.0019,0.0007,moderate_increase
Britain,Leucorrhinia dubia,86,92,55,102,103,110,117,108,71,99,100,111,104,100,98,108,91,102,94,96,94,84,66,67,89,82,93,82,92,99,97,69,77,NA,NA,NA,134,0.9961,0.0039,stable
Britain,Libellula depressa,81,76,87,101,103,98,95,82,84,93,100,95,108,103,107,101,105,103,100,102,105,100,88,104,111,107,116,115,114,118,119,115,110,NA,NA,NA,7404,1.0091,0.0008,moderate_increase
Britain,Libellula fulva,89,71,48,32,103,75,86,95,100,100,100,100,101,91,101,99,108,116,104,118,109,100,101,103,111,115,130,142,154,162,158,168,153,NA,NA,NA,717,1.0285,0.0054,moderate_increase
Britain,Libellula quadrimaculata,96,91,95,106,100,102,109,101,103,103,100,100,108,107,107,105,111,104,104,103,110,108,110,113,113,116,126,117,124,128,132,129,130,NA,NA,NA,7219,1.0088,0.0007,moderate_increase
Britain,Orthetrum cancellatum,98,80,84,74,101,99,110,91,87,96,100,115,127,121,131,133,141,130,135,141,136,141,135,148,148,159,164,158,158,156,159,146,148,NA,NA,NA,5524,1.0219,0.0011,moderate_increase
Britain,Orthetrum coerulescens,73,105,110,102,115,95,97,97,94,105,100,98,100,95,104,107,99,95,105,115,104,102,93,112,111,114,120,106,106,111,110,100,92,NA,NA,NA,1437,1.0035,0.0018,stable
Britain,Platycnemis pennipes,88,96,112,105,101,106,116,90,95,97,100,101,103,110,115,106,123,133,126,127,121,131,132,135,132,140,140,136,142,130,129,126,121,NA,NA,NA,2215,1.0123,0.0016,moderate_increase
Britain,Pyrrhosoma nymphula,91,95,103,107,104,101,104,105,105,105,100,101,102,105,105,104,103,100,99,106,108,105,107,107,107,109,109,109,114,112,114,110,112,NA,NA,NA,14933,1.0037,0.0005,moderate_increase
Britain,Somatochlora arctica,156,104,160,96,148,166,133,129,110,137,100,94,120,120,122,133,105,65,66,135,125,102,118,122,130,114,175,129,135,159,132,141,114,NA,NA,NA,123,1.0011,0.0048,stable
Britain,Somatochlora metallica,98,104,94,127,79,85,113,111,122,137,100,118,117,141,144,148,132,119,117,95,100,110,113,107,73,92,102,63,101,135,145,126,118,NA,NA,NA,299,1.0017,0.0048,stable
Britain,Sympetrum danae,92,99,108,109,103,94,98,103,97,95,100,98,90,94,94,103,103,105,98,99,101,89,103,103,97,92,100,96,100,103,105,108,107,NA,NA,NA,3674,1.0009,0.0009,stable
Britain,Sympetrum flaveolum,63,74,80,98,107,54,102,86,86,82,100,61,85,73,56,185,64,119,94,82,79,87,100,66,77,100,128,78,68,87,86,103,87,NA,NA,NA,319,1.0054,0.0159,stable
Britain,Sympetrum fonscolombii,95,104,85,138,168,98,99,117,207,189,100,115,134,160,114,201,293,234,378,207,416,275,394,309,207,259,545,369,234,389,104,122,229,NA,NA,NA,405,1.0466,0.0126,moderate_increase
Britain,Sympetrum sanguineum,76,80,78,88,90,92,96,96,84,92,100,118,121,116,118,132,133,138,131,136,134,130,134,135,138,127,142,132,134,131,133,125,132,NA,NA,NA,5275,1.018,0.0013,moderate_increase
Britain,Sympetrum striolatum,76,94,99,102,100,97,96,96,93,95,100,105,105,104,106,107,106,108,110,108,109,108,111,114,113,113,114,114,113,114,113,114,115,NA,NA,NA,17854,1.0078,0.0004,moderate_increase
Cyprus,Aeshna mixta,NA,NA,NA,NA,NA,NA,NA,NA,NA,NA,NA,NA,NA,NA,NA,NA,NA,NA,NA,NA,NA,NA,NA,NA,NA,NA,100,63,64,64,59,73,110,108,123,136,42,1.0982,0.0499,uncertain
Cyprus,Anax ephippiger,NA,NA,NA,NA,NA,NA,NA,NA,NA,NA,NA,NA,NA,NA,NA,NA,NA,NA,NA,NA,NA,NA,NA,NA,NA,NA,100,90,127,90,132,128,135,202,138,156,37,1.1024,0.0863,uncertain
Cyprus,Anax parthenope,NA,NA,NA,NA,NA,NA,NA,NA,NA,NA,NA,NA,NA,NA,NA,NA,NA,NA,NA,NA,NA,NA,NA,NA,NA,NA,100,87,83,84,52,51,83,100,98,94,70,1.0096,0.0134,stable
Cyprus,Crocothemis erythraea,NA,NA,NA,NA,NA,NA,NA,NA,NA,NA,NA,NA,NA,NA,NA,NA,NA,NA,NA,NA,NA,NA,NA,NA,NA,NA,100,95,76,67,52,52,99,105,102,105,107,1.0264,0.0174,uncertain
Cyprus,Epallage fatime,NA,NA,NA,NA,NA,NA,NA,NA,NA,NA,NA,NA,NA,NA,NA,NA,NA,NA,NA,NA,NA,NA,NA,NA,NA,NA,100,111,106,121,101,100,160,192,146,152,35,1.0921,0.0704,uncertain
Cyprus,Ischnura elegans,NA,NA,NA,NA,NA,NA,NA,NA,NA,NA,NA,NA,NA,NA,NA,NA,NA,NA,NA,NA,NA,NA,NA,NA,NA,NA,100,81,51,78,68,75,128,128,133,126,105,1.084,0.0243,moderate_increase
Cyprus,Orthetrum brunneum,NA,NA,NA,NA,NA,NA,NA,NA,NA,NA,NA,NA,NA,NA,NA,NA,NA,NA,NA,NA,NA,NA,NA,NA,NA,NA,100,110,128,129,143,136,240,259,230,227,57,1.1587,0.0907,uncertain
Cyprus,Orthetrum chrysostigma,NA,NA,NA,NA,NA,NA,NA,NA,NA,NA,NA,NA,NA,NA,NA,NA,NA,NA,NA,NA,NA,NA,NA,NA,NA,NA,100,158,230,194,193,234,370,400,339,382,71,1.1974,0.0937,moderate_increase
Cyprus,Orthetrum coerulescens,NA,NA,NA,NA,NA,NA,NA,NA,NA,NA,NA,NA,NA,NA,NA,NA,NA,NA,NA,NA,NA,NA,NA,NA,NA,NA,100,104,126,102,121,123,184,177,185,200,56,1.1295,0.0828,uncertain
Cyprus,Selysiothemis nigra,NA,NA,NA,NA,NA,NA,NA,NA,NA,NA,NA,NA,NA,NA,NA,NA,NA,NA,NA,NA,NA,NA,NA,NA,NA,NA,100,117,64,62,71,69,126,66,108,100,26,1.0261,0.0462,uncertain
Cyprus,Sympecma fusca,NA,NA,NA,NA,NA,NA,NA,NA,NA,NA,NA,NA,NA,NA,NA,NA,NA,NA,NA,NA,NA,NA,NA,NA,NA,NA,100,140,101,95,130,146,186,202,202,194,49,1.1228,0.0696,uncertain
Cyprus,Sympetrum fonscolombii,NA,NA,NA,NA,NA,NA,NA,NA,NA,NA,NA,NA,NA,NA,NA,NA,NA,NA,NA,NA,NA,NA,NA,NA,NA,NA,100,96,76,74,67,50,86,88,91,96,115,1.0018,0.013,stable
Cyprus,Sympetrum striolatum,NA,NA,NA,NA,NA,NA,NA,NA,NA,NA,NA,NA,NA,NA,NA,NA,NA,NA,NA,NA,NA,NA,NA,NA,NA,NA,100,204,109,167,142,221,278,316,293,315,93,1.1784,0.0836,moderate_increase
Cyprus,Trithemis annulata,NA,NA,NA,NA,NA,NA,NA,NA,NA,NA,NA,NA,NA,NA,NA,NA,NA,NA,NA,NA,NA,NA,NA,NA,NA,NA,100,87,59,82,56,54,100,102,102,102,89,1.0329,0.0212,uncertain
Cyprus,Trithemis arteriosa,NA,NA,NA,NA,NA,NA,NA,NA,NA,NA,NA,NA,NA,NA,NA,NA,NA,NA,NA,NA,NA,NA,NA,NA,NA,NA,100,97,83,41,59,65,83,89,59,86,53,0.9924,0.0244,uncertain
Cyprus,Trithemis festiva,NA,NA,NA,NA,NA,NA,NA,NA,NA,NA,NA,NA,NA,NA,NA,NA,NA,NA,NA,NA,NA,NA,NA,NA,NA,NA,100,79,89,86,89,81,140,148,121,145,46,1.0915,0.0638,uncertain
Flanders,Aeshna affinis,NA,NA,NA,NA,NA,NA,NA,NA,NA,NA,100,128,126,100,120,200,134,147,129,122,136,100,151,127,137,121,189,149,149,109,53,63,92,67,16,132,90,0.9782,0.0169,uncertain
Flanders,Aeshna cyanea,NA,NA,NA,NA,NA,NA,NA,NA,NA,NA,100,72,94,86,85,86,60,93,80,94,92,99,99,113,104,100,101,92,110,112,68,109,117,108,93,127,1964,1.0121,0.0026,moderate_increase
Flanders,Aeshna grandis,NA,NA,NA,NA,NA,NA,NA,NA,NA,NA,100,86,82,81,64,32,35,92,112,92,65,107,93,116,83,101,99,78,83,89,54,98,90,85,55,91,666,1.0064,0.0048,stable
Flanders,Aeshna isoceles,NA,NA,NA,NA,NA,NA,NA,NA,NA,NA,100,77,62,76,85,84,68,62,88,57,78,73,43,27,62,58,109,75,77,99,71,73,108,92,109,134,220,1.0235,0.0171,uncertain
Flanders,Aeshna juncea,NA,NA,NA,NA,NA,NA,NA,NA,NA,NA,100,89,67,101,86,92,117,103,121,102,114,138,135,143,78,115,70,48,19,61,24,23,47,16,23,59,220,0.9451,0.0084,moderate_decline
Flanders,Aeshna mixta,NA,NA,NA,NA,NA,NA,NA,NA,NA,NA,100,116,136,97,110,116,85,121,113,108,135,113,106,121,136,143,153,142,115,129,105,121,162,138,136,155,2120,1.0124,0.0024,moderate_increase
Flanders,Anax imperator,NA,NA,NA,NA,NA,NA,NA,NA,NA,NA,100,101,107,104,108,113,85,89,97,106,122,121,123,132,122,128,130,125,113,107,78,86,111,101,88,116,2480,1.0006,0.0018,stable
Flanders,Anax parthenope,NA,NA,NA,NA,NA,NA,NA,NA,NA,NA,100,75,90,68,82,74,72,74,68,97,74,82,83,90,70,127,98,108,90,72,84,100,79,94,85,116,186,1.0205,0.0164,uncertain
Flanders,Brachytron pratense,NA,NA,NA,NA,NA,NA,NA,NA,NA,NA,100,117,24,62,23,70,89,86,80,54,88,71,63,74,77,63,58,104,84,85,97,101,113,119,103,141,383,1.0348,0.013,moderate_increase
Flanders,Calopteryx splendens,NA,NA,NA,NA,NA,NA,NA,NA,NA,NA,100,101,113,110,125,122,132,133,100,103,109,118,166,153,156,129,197,200,188,183,181,195,194,198,196,201,1659,1.032,0.0049,moderate_increase
Flanders,Calopteryx virgo,NA,NA,NA,NA,NA,NA,NA,NA,NA,NA,100,128,73,94,123,113,154,128,37,70,51,49,81,125,108,121,200,229,260,215,227,299,316,306,288,317,513,1.0665,0.0129,moderate_increase
Flanders,Ceriagrion tenellum,NA,NA,NA,NA,NA,NA,NA,NA,NA,NA,100,214,173,311,228,172,370,292,395,363,429,576,576,567,505,518,444,572,642,534,323,430,533,500,513,528,572,1.0528,0.0131,moderate_increase
Flanders,Chalcolestes viridis,NA,NA,NA,NA,NA,NA,NA,NA,NA,NA,100,85,121,108,89,113,78,107,85,99,120,102,116,117,113,116,125,109,98,109,97,103,120,114,93,116,1845,1.0053,0.0026,moderate_increase
Flanders,Coenagrion hastulatum,NA,NA,NA,NA,NA,NA,NA,NA,NA,NA,100,119,95,102,101,106,89,87,91,99,80,138,89,121,116,71,118,103,108,93,111,92,93,97,48,41,36,0.9928,0.0142,stable
Flanders,Coenagrion lunulatum,NA,NA,NA,NA,NA,NA,NA,NA,NA,NA,100,108,86,67,74,119,147,141,117,118,102,133,142,127,47,55,64,35,73,64,44,37,48,55,57,51,83,0.9645,0.0095,moderate_decline
Flanders,Coenagrion puella,NA,NA,NA,NA,NA,NA,NA,NA,NA,NA,100,114,124,126,125,125,112,118,125,134,131,143,149,151,146,145,155,142,156,154,154,146,158,158,157,159,3016,1.0154,0.0019,moderate_increase
Flanders,Coenagrion pulchellum,NA,NA,NA,NA,NA,NA,NA,NA,NA,NA,100,51,49,49,88,77,82,78,64,64,66,81,55,57,70,86,71,68,66,58,55,53,53,63,67,80,354,0.9988,0.0071,stable
Flanders,Coenagrion scitulum,NA,NA,NA,NA,NA,NA,NA,NA,NA,NA,100,70,60,75,91,51,84,88,93,100,82,96,83,74,62,82,57,106,94,105,118,115,112,112,133,163,274,1.0368,0.0195,uncertain
Flanders,Cordulegaster boltonii,NA,NA,NA,NA,NA,NA,NA,NA,NA,NA,100,140,92,120,48,103,75,87,85,108,73,131,93,79,88,72,71,77,108,130,101,102,99,126,104,110,140,1.01,0.0107,stable
Flanders,Cordulia aenea,NA,NA,NA,NA,NA,NA,NA,NA,NA,NA,100,66,52,35,74,67,59,93,86,94,103,102,106,107,98,97,94,86,101,90,99,109,110,105,104,110,1020,1.0246,0.0049,moderate_increase
Flanders,Crocothemis erythraea,NA,NA,NA,NA,NA,NA,NA,NA,NA,NA,100,136,81,62,196,147,321,161,93,251,213,191,225,273,226,332,319,401,367,317,329,301,328,338,327,335,808,1.0597,0.0092,moderate_increase
Flanders,Enallagma cyathigerum,NA,NA,NA,NA,NA,NA,NA,NA,NA,NA,100,102,103,102,95,98,85,94,100,97,101,104,103,102,88,92,98,95,92,88,79,81,90,83,89,86,1829,0.993,0.0017,moderate_decline
Flanders,Erythromma lindenii,NA,NA,NA,NA,NA,NA,NA,NA,NA,NA,100,41,84,82,90,96,100,83,76,114,80,28,103,88,64,93,77,71,76,86,84,84,71,74,89,82,445,1.0033,0.009,stable
Flanders,Erythromma najas,NA,NA,NA,NA,NA,NA,NA,NA,NA,NA,100,99,79,66,103,101,98,94,93,104,96,109,118,117,114,86,105,116,97,101,100,102,109,100,111,110,1013,1.0084,0.0057,stable
Flanders,Erythromma viridulum,NA,NA,NA,NA,NA,NA,NA,NA,NA,NA,100,98,92,93,114,124,110,101,106,122,109,100,120,116,112,104,118,122,104,98,108,95,97,94,100,105,1262,0.9995,0.0025,stable
Flanders,Gomphus pulchellus,NA,NA,NA,NA,NA,NA,NA,NA,NA,NA,100,92,85,65,89,87,89,88,95,67,92,88,82,77,81,62,84,82,73,76,76,73,60,61,58,64,603,0.9864,0.0044,moderate_decline
Flanders,Gomphus vulgatissimus,NA,NA,NA,NA,NA,NA,NA,NA,NA,NA,100,128,90,136,135,134,150,88,78,73,79,99,80,106,107,200,133,111,146,99,74,101,177,106,115,117,85,1.0122,0.0186,stable
Flanders,Ischnura elegans,NA,NA,NA,NA,NA,NA,NA,NA,NA,NA,100,95,106,105,97,99,93,95,90,98,95,97,99,109,107,98,107,105,107,106,105,103,104,104,105,108,3445,1.004,0.001,moderate_increase
Flanders,Ischnura pumilio,NA,NA,NA,NA,NA,NA,NA,NA,NA,NA,100,79,66,105,101,114,266,202,205,249,322,343,369,219,212,261,270,413,340,281,221,318,374,355,362,296,517,1.0685,0.0189,moderate_increase
Flanders,Lestes barbarus,NA,NA,NA,NA,NA,NA,NA,NA,NA,NA,100,39,24,37,73,581,465,413,401,488,371,129,217,276,335,365,504,428,282,240,291,212,232,265,220,132,417,1.0607,0.0235,moderate_increase
Flanders,Lestes dryas,NA,NA,NA,NA,NA,NA,NA,NA,NA,NA,100,99,47,35,40,112,202,135,132,113,65,73,113,119,176,261,235,140,234,115,109,181,211,223,209,231,263,1.0623,0.0202,moderate_increase
Flanders,Lestes sponsa,NA,NA,NA,NA,NA,NA,NA,NA,NA,NA,100,151,143,106,131,155,126,141,139,152,156,164,160,156,151,146,152,133,143,125,120,120,130,122,107,93,1018,0.9958,0.0038,stable
Flanders,Lestes virens,NA,NA,NA,NA,NA,NA,NA,NA,NA,NA,100,113,163,135,238,230,122,57,48,61,144,164,264,263,296,231,387,368,413,371,328,316,374,450,444,409,372,1.0797,0.0185,moderate_increase
Flanders,Leucorrhinia dubia,NA,NA,NA,NA,NA,NA,NA,NA,NA,NA,100,160,44,129,142,180,143,168,191,198,155,187,178,185,112,117,106,77,121,101,100,93,125,134,107,135,280,0.9985,0.0108,stable
Flanders,Leucorrhinia pectoralis,NA,NA,NA,NA,NA,NA,NA,NA,NA,NA,100,115,117,126,106,119,128,113,110,125,155,116,95,100,108,122,112,123,44,113,116,129,224,203,130,112,100,1.0132,0.0166,stable
Flanders,Leucorrhinia rubicunda,NA,NA,NA,NA,NA,NA,NA,NA,NA,NA,100,428,200,224,317,400,316,354,145,404,413,410,380,345,187,136,237,246,270,327,297,337,433,490,378,421,182,1.0273,0.0128,moderate_increase
Flanders,Libellula depressa,NA,NA,NA,NA,NA,NA,NA,NA,NA,NA,100,100,108,103,116,73,87,89,100,62,108,114,105,103,109,127,134,123,143,142,142,146,150,147,144,146,2260,1.0229,0.0031,moderate_increase
Flanders,Libellula fulva,NA,NA,NA,NA,NA,NA,NA,NA,NA,NA,100,119,45,50,37,74,115,73,52,45,57,45,47,85,93,101,134,83,83,123,135,138,142,138,157,161,332,1.0456,0.0102,moderate_increase
Flanders,Libellula quadrimaculata,NA,NA,NA,NA,NA,NA,NA,NA,NA,NA,100,110,123,125,122,110,97,103,115,127,137,139,143,150,139,129,136,126,147,141,133,140,156,149,151,152,1538,1.0145,0.0023,moderate_increase
Flanders,Orthetrum brunneum,NA,NA,NA,NA,NA,NA,NA,NA,NA,NA,100,95,79,83,113,75,128,110,76,73,82,72,112,111,142,83,104,99,110,103,93,100,98,129,92,135,68,1.0193,0.0176,uncertain
Flanders,Orthetrum cancellatum,NA,NA,NA,NA,NA,NA,NA,NA,NA,NA,100,82,108,108,104,111,95,93,92,94,92,83,86,112,110,107,109,113,112,113,116,113,112,112,114,114,2711,1.0082,0.0016,moderate_increase
Flanders,Orthetrum coerulescens,NA,NA,NA,NA,NA,NA,NA,NA,NA,NA,100,36,30,41,54,57,98,71,78,94,114,109,81,116,116,123,122,141,110,108,95,103,98,95,99,103,348,1.0385,0.0107,moderate_increase
Flanders,Platycnemis pennipes,NA,NA,NA,NA,NA,NA,NA,NA,NA,NA,100,76,98,93,87,102,97,101,105,77,84,93,108,103,103,93,105,105,99,86,99,98,95,93,94,92,1201,1.002,0.002,stable
Flanders,Pyrrhosoma nymphula,NA,NA,NA,NA,NA,NA,NA,NA,NA,NA,100,95,102,107,97,95,88,80,83,92,95,124,126,123,122,121,123,118,135,138,137,133,135,138,138,139,2363,1.0198,0.0026,moderate_increase
Flanders,Somatochlora arctica,NA,NA,NA,NA,NA,NA,NA,NA,NA,NA,100,112,95,68,74,85,80,75,80,101,139,112,100,125,113,83,103,97,91,102,96,88,44,94,74,79,33,0.999,0.0176,stable
Flanders,Somatochlora flavomaculata,NA,NA,NA,NA,NA,NA,NA,NA,NA,NA,100,112,79,117,53,49,94,91,120,105,135,155,131,119,100,124,93,116,152,165,128,103,103,144,170,147,88,1.0341,0.0159,moderate_increase
Flanders,Somatochlora metallica,NA,NA,NA,NA,NA,NA,NA,NA,NA,NA,100,171,132,123,150,132,89,95,104,129,89,178,183,213,174,179,144,133,120,98,95,107,100,109,108,143,320,0.9996,0.0098,stable
Flanders,Sympecma fusca,NA,NA,NA,NA,NA,NA,NA,NA,NA,NA,100,384,278,218,476,138,334,285,306,240,295,334,340,292,465,439,410,589,406,332,463,353,412,521,544,587,809,1.0436,0.0122,moderate_increase
Flanders,Sympetrum danae,NA,NA,NA,NA,NA,NA,NA,NA,NA,NA,100,150,138,168,157,145,151,174,176,171,154,134,163,178,167,153,120,117,135,96,94,93,117,120,121,87,920,0.9845,0.0038,moderate_decline
Flanders,Sympetrum depressiusculum,NA,NA,NA,NA,NA,NA,NA,NA,NA,NA,100,91,85,70,67,55,66,67,59,78,68,90,21,75,49,34,25,81,75,44,31,38,30,26,26,24,87,0.9555,0.0077,moderate_decline
Flanders,Sympetrum flaveolum,NA,NA,NA,NA,NA,NA,NA,NA,NA,NA,100,93,127,103,141,196,167,175,102,165,73,115,108,171,144,202,173,104,83,104,105,70,72,53,87,82,438,0.9719,0.0227,uncertain
Flanders,Sympetrum fonscolombii,NA,NA,NA,NA,NA,NA,NA,NA,NA,NA,100,116,109,99,202,97,226,241,221,139,149,173,246,205,230,187,347,403,220,216,221,112,226,217,150,277,472,1.0382,0.0191,moderate_increase
Flanders,Sympetrum meridionale,NA,NA,NA,NA,NA,NA,NA,NA,NA,NA,100,102,92,81,87,75,92,80,98,77,77,90,83,85,101,90,125,84,99,119,34,93,56,137,118,91,62,1.01,0.0158,stable
Flanders,Sympetrum pedemontanum,NA,NA,NA,NA,NA,NA,NA,NA,NA,NA,100,258,143,114,139,111,258,154,166,162,144,230,125,210,227,205,232,207,220,216,162,119,147,130,176,207,211,1.0125,0.0091,stable
Flanders,Sympetrum sanguineum,NA,NA,NA,NA,NA,NA,NA,NA,NA,NA,100,107,141,99,108,159,121,124,129,121,143,98,109,130,146,153,161,153,135,147,150,138,151,152,153,144,2056,1.0136,0.0023,moderate_increase
Flanders,Sympetrum striolatum,NA,NA,NA,NA,NA,NA,NA,NA,NA,NA,100,138,133,139,129,136,126,126,145,141,157,158,146,167,172,188,197,191,179,182,190,191,201,192,195,201,2380,1.0234,0.002,moderate_increase
Flanders,Sympetrum vulgatum,NA,NA,NA,NA,NA,NA,NA,NA,NA,NA,100,96,86,71,68,59,86,91,71,71,67,45,51,72,83,94,81,84,54,61,59,67,75,69,75,54,672,0.9909,0.0039,moderate_decline
France,Aeshna affinis,NA,NA,NA,NA,NA,NA,NA,NA,NA,NA,100,99,109,118,103,116,127,115,124,117,120,115,101,117,125,121,120,111,113,113,127,118,119,NA,NA,NA,1133,1.0052,0.0029,stable
France,Aeshna cyanea,NA,NA,NA,NA,NA,NA,NA,NA,NA,NA,100,91,79,95,101,98,89,102,96,97,101,103,96,99,93,101,90,94,99,100,104,103,103,NA,NA,NA,3534,1.0041,0.0016,moderate_increase
France,Aeshna grandis,NA,NA,NA,NA,NA,NA,NA,NA,NA,NA,100,98,92,91,88,96,85,103,95,98,97,97,101,101,91,91,91,88,93,95,93,96,98,NA,NA,NA,1199,0.9998,0.0022,stable
France,Aeshna isoceles,NA,NA,NA,NA,NA,NA,NA,NA,NA,NA,100,91,73,93,89,80,95,70,91,85,89,92,87,90,88,67,67,82,67,90,92,94,95,NA,NA,NA,472,0.9983,0.0058,stable
France,Aeshna juncea,NA,NA,NA,NA,NA,NA,NA,NA,NA,NA,100,100,89,102,96,96,73,102,102,106,103,106,103,104,95,87,76,87,93,98,95,104,98,NA,NA,NA,596,0.999,0.0033,stable
France,Aeshna mixta,NA,NA,NA,NA,NA,NA,NA,NA,NA,NA,100,93,90,95,90,98,74,99,101,101,101,89,98,100,101,96,92,96,98,102,101,103,104,NA,NA,NA,1673,1.0044,0.002,moderate_increase
France,Anax ephippiger,NA,NA,NA,NA,NA,NA,NA,NA,NA,NA,100,73,68,53,89,81,42,79,40,78,84,34,62,62,30,44,46,56,62,67,52,119,66,NA,NA,NA,247,0.992,0.0112,stable
France,Anax imperator,NA,NA,NA,NA,NA,NA,NA,NA,NA,NA,100,95,100,100,100,100,102,101,101,101,101,98,99,102,101,99,100,99,100,101,101,100,100,NA,NA,NA,8102,1.0005,0.0006,stable
France,Anax parthenope,NA,NA,NA,NA,NA,NA,NA,NA,NA,NA,100,81,69,72,90,80,104,96,83,104,99,91,79,108,89,86,84,99,103,107,114,107,107,NA,NA,NA,949,1.0125,0.0033,moderate_increase
France,Boyeria irene,NA,NA,NA,NA,NA,NA,NA,NA,NA,NA,100,104,103,90,107,114,112,113,113,111,107,109,113,111,111,98,98,101,105,106,105,104,114,NA,NA,NA,1570,1.001,0.0021,stable
France,Brachytron pratense,NA,NA,NA,NA,NA,NA,NA,NA,NA,NA,100,83,91,91,83,92,94,84,83,98,100,97,97,93,98,90,85,85,100,98,95,99,98,NA,NA,NA,950,1.0038,0.0035,stable
France,Calopteryx haemorrhoidalis,NA,NA,NA,NA,NA,NA,NA,NA,NA,NA,100,90,91,103,90,90,107,115,113,112,113,112,113,111,110,92,95,100,118,117,115,115,118,NA,NA,NA,980,1.0084,0.0033,moderate_increase
France,Calopteryx splendens,NA,NA,NA,NA,NA,NA,NA,NA,NA,NA,100,93,97,95,96,101,103,102,100,100,99,99,100,104,98,97,90,97,101,103,103,101,98,NA,NA,NA,6564,1.0009,0.0009,stable
France,Calopteryx virgo,NA,NA,NA,NA,NA,NA,NA,NA,NA,NA,100,100,93,103,102,105,103,101,107,107,106,109,110,109,106,108,106,107,110,110,109,108,110,NA,NA,NA,8098,1.0048,0.0012,moderate_increase
France,Calopteryx xanthostoma,NA,NA,NA,NA,NA,NA,NA,NA,NA,NA,100,85,110,107,108,103,112,113,99,108,109,109,111,107,110,110,101,106,109,107,91,104,115,NA,NA,NA,1039,1.0018,0.0027,stable
France,Ceriagrion tenellum,NA,NA,NA,NA,NA,NA,NA,NA,NA,NA,100,82,96,92,92,91,99,96,97,97,96,100,102,103,98,96,88,101,101,98,99,100,101,NA,NA,NA,2512,1.0041,0.0021,stable
France,Chalcolestes viridis,NA,NA,NA,NA,NA,NA,NA,NA,NA,NA,100,90,88,97,91,95,95,101,99,102,98,93,101,99,102,98,84,96,101,103,102,103,102,NA,NA,NA,3871,1.0036,0.0015,moderate_increase
France,Coenagrion caerulescens,NA,NA,NA,NA,NA,NA,NA,NA,NA,NA,100,89,78,74,61,90,72,98,60,99,92,92,89,79,69,93,49,64,95,76,53,112,71,NA,NA,NA,81,0.9922,0.0122,stable
France,Coenagrion hastulatum,NA,NA,NA,NA,NA,NA,NA,NA,NA,NA,100,114,109,61,44,92,106,112,110,112,120,113,124,105,104,56,71,102,103,101,83,58,101,NA,NA,NA,275,0.9971,0.0076,stable
France,Coenagrion lunulatum,NA,NA,NA,NA,NA,NA,NA,NA,NA,NA,100,157,141,150,86,225,118,126,78,85,257,268,96,188,178,209,242,120,131,148,141,139,160,NA,NA,NA,55,1.0165,0.0196,uncertain
France,Coenagrion mercuriale,NA,NA,NA,NA,NA,NA,NA,NA,NA,NA,100,96,90,72,73,91,89,92,93,95,84,98,91,97,97,96,97,97,99,99,97,102,98,NA,NA,NA,2948,1.007,0.0019,moderate_increase
France,Coenagrion ornatum,NA,NA,NA,NA,NA,NA,NA,NA,NA,NA,100,100,66,74,94,92,66,59,78,62,63,82,75,61,72,82,97,118,121,127,127,127,88,NA,NA,NA,187,1.0208,0.01,moderate_increase
France,Coenagrion puella,NA,NA,NA,NA,NA,NA,NA,NA,NA,NA,100,95,93,98,98,96,96,97,99,100,101,99,99,98,96,97,97,97,99,99,99,100,100,NA,NA,NA,9152,1.0011,0.0007,stable
France,Coenagrion pulchellum,NA,NA,NA,NA,NA,NA,NA,NA,NA,NA,100,89,70,92,88,93,89,84,93,87,91,95,91,85,80,73,61,46,78,77,75,66,70,NA,NA,NA,945,0.9845,0.0038,moderate_decline
France,Coenagrion scitulum,NA,NA,NA,NA,NA,NA,NA,NA,NA,NA,100,82,86,85,78,96,89,99,103,97,92,97,97,108,105,103,103,98,100,108,102,99,102,NA,NA,NA,1627,1.0091,0.0043,moderate_increase
France,Cordulegaster bidentata,NA,NA,NA,NA,NA,NA,NA,NA,NA,NA,100,103,79,64,71,88,94,96,91,93,82,88,84,94,109,110,92,94,105,104,101,100,106,NA,NA,NA,293,1.0116,0.0056,moderate_increase
France,Cordulegaster boltonii,NA,NA,NA,NA,NA,NA,NA,NA,NA,NA,100,96,76,88,102,102,107,103,104,105,104,106,109,108,104,103,104,104,103,103,101,101,109,NA,NA,NA,3795,1.0056,0.0017,moderate_increase
France,Cordulia aenea,NA,NA,NA,NA,NA,NA,NA,NA,NA,NA,100,91,82,81,84,93,96,97,95,94,95,95,92,97,93,93,95,94,93,97,98,100,100,NA,NA,NA,2706,1.0046,0.0022,moderate_increase
France,Crocothemis erythraea,NA,NA,NA,NA,NA,NA,NA,NA,NA,NA,100,93,100,95,106,104,108,104,101,101,107,100,103,108,107,107,104,105,106,110,107,109,110,NA,NA,NA,3472,1.0047,0.0014,moderate_increase
France,Enallagma cyathigerum,NA,NA,NA,NA,NA,NA,NA,NA,NA,NA,100,96,100,100,101,100,97,101,98,100,100,100,103,99,90,94,92,92,98,103,99,101,102,NA,NA,NA,5520,0.9994,0.0011,stable
France,Epitheca bimaculata,NA,NA,NA,NA,NA,NA,NA,NA,NA,NA,100,89,67,77,70,22,65,43,78,58,84,88,87,78,82,67,69,83,69,87,102,88,92,NA,NA,NA,210,1.018,0.0095,stable
France,Erythromma lindenii,NA,NA,NA,NA,NA,NA,NA,NA,NA,NA,100,96,104,98,93,97,103,105,103,103,96,97,99,102,105,102,95,99,100,96,100,107,102,NA,NA,NA,3339,1.0011,0.0015,stable
France,Erythromma najas,NA,NA,NA,NA,NA,NA,NA,NA,NA,NA,100,92,84,84,84,78,95,96,94,93,96,96,87,94,82,84,80,86,88,90,94,97,97,NA,NA,NA,1685,1.0009,0.0023,stable
France,Erythromma viridulum,NA,NA,NA,NA,NA,NA,NA,NA,NA,NA,100,95,92,92,94,98,96,96,93,98,97,82,81,95,95,92,94,95,97,92,97,98,91,NA,NA,NA,1604,0.9993,0.0015,stable
France,Gomphus flavipes,NA,NA,NA,NA,NA,NA,NA,NA,NA,NA,100,92,72,85,75,114,101,46,82,56,45,117,121,134,67,90,77,85,91,142,141,137,137,NA,NA,NA,157,1.0234,0.0109,moderate_increase
France,Gomphus graslinii,NA,NA,NA,NA,NA,NA,NA,NA,NA,NA,100,118,84,59,161,102,136,133,133,180,174,147,157,179,178,151,74,133,159,153,143,166,184,NA,NA,NA,198,1.0243,0.009,moderate_increase
France,Gomphus pulchellus,NA,NA,NA,NA,NA,NA,NA,NA,NA,NA,100,96,80,86,74,90,96,98,98,92,88,98,98,95,99,101,97,88,94,99,98,103,98,NA,NA,NA,2988,1.0054,0.0016,moderate_increase
France,Gomphus simillimus,NA,NA,NA,NA,NA,NA,NA,NA,NA,NA,100,87,79,61,72,85,88,70,95,104,104,111,115,116,114,97,91,77,93,94,102,108,111,NA,NA,NA,361,1.014,0.0074,stable
France,Gomphus vulgatissimus,NA,NA,NA,NA,NA,NA,NA,NA,NA,NA,100,92,72,89,94,112,109,102,100,100,100,111,106,111,108,102,98,90,109,99,98,109,87,NA,NA,NA,1341,1.0039,0.0034,stable
France,Ischnura elegans,NA,NA,NA,NA,NA,NA,NA,NA,NA,NA,100,99,102,103,103,103,104,103,105,105,105,103,104,105,103,102,101,100,103,104,104,104,105,NA,NA,NA,12123,1.001,0.0006,stable
France,Ischnura genei,NA,NA,NA,NA,NA,NA,NA,NA,NA,NA,100,176,294,218,183,174,301,257,196,336,266,149,327,196,262,154,179,132,329,355,138,304,185,NA,NA,NA,182,1.0135,0.0285,uncertain
France,Ischnura pumilio,NA,NA,NA,NA,NA,NA,NA,NA,NA,NA,100,82,79,85,71,77,84,89,88,78,90,85,78,90,88,92,89,94,96,96,88,88,94,NA,NA,NA,1258,1.006,0.003,stable
France,Lestes barbarus,NA,NA,NA,NA,NA,NA,NA,NA,NA,NA,100,111,112,107,118,98,107,128,123,144,141,139,89,106,111,114,133,134,130,128,130,122,129,NA,NA,NA,1050,1.0088,0.0039,moderate_increase
France,Lestes dryas,NA,NA,NA,NA,NA,NA,NA,NA,NA,NA,100,89,93,87,89,89,93,92,100,101,103,112,90,75,82,77,89,91,94,99,88,92,96,NA,NA,NA,759,0.9989,0.0039,stable
France,Lestes macrostigma,NA,NA,NA,NA,NA,NA,NA,NA,NA,NA,100,62,148,99,113,94,89,106,130,130,89,49,66,55,63,110,105,142,156,183,188,171,182,NA,NA,NA,83,1.0308,0.0138,moderate_increase
France,Lestes sponsa,NA,NA,NA,NA,NA,NA,NA,NA,NA,NA,100,93,87,99,94,94,96,100,103,102,102,99,101,95,91,87,88,97,95,96,96,98,101,NA,NA,NA,1631,1,0.0019,stable
France,Lestes virens,NA,NA,NA,NA,NA,NA,NA,NA,NA,NA,100,95,109,113,118,112,93,98,105,109,106,120,86,113,108,84,100,108,124,118,121,118,119,NA,NA,NA,820,1.0053,0.0034,stable
France,Leucorrhinia albifrons,NA,NA,NA,NA,NA,NA,NA,NA,NA,NA,100,127,123,115,119,202,205,144,227,225,248,244,219,228,183,158,206,178,184,200,188,128,190,NA,NA,NA,95,1.0267,0.02,uncertain
France,Leucorrhinia caudalis,NA,NA,NA,NA,NA,NA,NA,NA,NA,NA,100,78,82,106,101,128,101,87,55,88,127,131,122,75,76,40,65,104,73,78,56,136,82,NA,NA,NA,138,0.991,0.01,stable
France,Leucorrhinia dubia,NA,NA,NA,NA,NA,NA,NA,NA,NA,NA,100,99,94,94,85,85,95,90,87,95,96,95,96,85,90,70,82,88,92,81,94,85,87,NA,NA,NA,217,0.9946,0.0047,stable
France,Leucorrhinia pectoralis,NA,NA,NA,NA,NA,NA,NA,NA,NA,NA,100,105,79,139,126,100,155,137,142,170,195,182,161,125,101,127,116,159,127,154,144,143,210,NA,NA,NA,159,1.0198,0.0126,stable
France,Libellula depressa,NA,NA,NA,NA,NA,NA,NA,NA,NA,NA,100,100,98,101,98,97,101,102,104,103,104,104,98,106,104,104,103,99,103,105,104,106,99,NA,NA,NA,7568,1.002,0.0009,moderate_increase
France,Libellula fulva,NA,NA,NA,NA,NA,NA,NA,NA,NA,NA,100,87,85,78,81,78,98,104,106,105,108,106,104,103,105,106,96,99,108,109,112,113,110,NA,NA,NA,2122,1.0121,0.0028,moderate_increase
France,Libellula quadrimaculata,NA,NA,NA,NA,NA,NA,NA,NA,NA,NA,100,94,84,90,96,93,100,98,98,99,103,102,97,100,96,98,96,100,103,105,105,100,99,NA,NA,NA,3992,1.0043,0.0013,moderate_increase
France,Macromia splendens,NA,NA,NA,NA,NA,NA,NA,NA,NA,NA,100,140,155,183,156,160,173,153,151,202,205,184,198,185,160,207,180,81,173,175,171,187,216,NA,NA,NA,170,1.0089,0.0082,stable
France,Onychogomphus forcipatus,NA,NA,NA,NA,NA,NA,NA,NA,NA,NA,100,94,88,81,87,96,99,95,95,96,93,94,93,98,96,95,92,92,91,84,98,97,99,NA,NA,NA,2404,1.0012,0.0017,stable
France,Onychogomphus uncatus,NA,NA,NA,NA,NA,NA,NA,NA,NA,NA,100,93,107,107,116,118,112,122,116,117,104,104,113,118,116,111,115,112,114,110,117,121,121,NA,NA,NA,1196,1.0054,0.0027,moderate_increase
France,Ophiogomphus cecilia,NA,NA,NA,NA,NA,NA,NA,NA,NA,NA,100,94,90,78,91,100,91,74,89,94,96,95,90,104,98,63,35,64,61,62,65,86,76,NA,NA,NA,137,0.9793,0.0089,moderate_decline
France,Orthetrum albistylum,NA,NA,NA,NA,NA,NA,NA,NA,NA,NA,100,84,86,103,83,105,104,102,98,98,106,103,105,107,106,93,98,104,103,105,108,108,105,NA,NA,NA,1761,1.0066,0.0022,moderate_increase
France,Orthetrum brunneum,NA,NA,NA,NA,NA,NA,NA,NA,NA,NA,100,101,97,89,80,87,98,95,95,93,92,84,91,101,102,100,98,97,95,97,103,101,101,NA,NA,NA,1958,1.0039,0.0022,stable
France,Orthetrum cancellatum,NA,NA,NA,NA,NA,NA,NA,NA,NA,NA,100,96,102,102,94,95,102,100,102,101,99,95,99,105,102,101,99,100,101,103,104,105,102,NA,NA,NA,7719,1.0023,0.0009,moderate_increase
France,Orthetrum coerulescens,NA,NA,NA,NA,NA,NA,NA,NA,NA,NA,100,90,87,99,101,100,101,101,101,101,105,103,104,105,104,104,103,104,106,106,105,105,106,NA,NA,NA,3259,1.0054,0.0014,moderate_increase
France,Oxygastra curtisii,NA,NA,NA,NA,NA,NA,NA,NA,NA,NA,100,83,112,116,118,114,106,114,108,123,120,118,124,119,121,118,119,117,111,111,111,110,118,NA,NA,NA,1334,1.0051,0.0029,stable
France,Platycnemis acutipennis,NA,NA,NA,NA,NA,NA,NA,NA,NA,NA,100,99,109,106,99,109,103,108,109,106,103,105,107,101,108,108,104,108,108,107,107,110,110,NA,NA,NA,1940,1.0025,0.0017,stable
France,Platycnemis latipes,NA,NA,NA,NA,NA,NA,NA,NA,NA,NA,100,97,103,105,100,107,108,105,104,107,106,103,105,102,107,104,99,101,102,100,97,108,108,NA,NA,NA,1072,1.0004,0.0018,stable
France,Platycnemis pennipes,NA,NA,NA,NA,NA,NA,NA,NA,NA,NA,100,95,92,96,98,103,106,105,105,103,104,104,104,106,102,103,100,104,105,104,105,104,105,NA,NA,NA,7907,1.0035,0.0009,moderate_increase
France,Pyrrhosoma nymphula,NA,NA,NA,NA,NA,NA,NA,NA,NA,NA,100,89,82,100,99,100,103,99,103,103,103,104,103,102,102,99,99,91,104,106,105,104,105,NA,NA,NA,6835,1.0042,0.0012,moderate_increase
France,Somatochlora alpestris,NA,NA,NA,NA,NA,NA,NA,NA,NA,NA,100,132,160,102,94,132,183,140,57,161,63,130,104,129,126,86,161,109,143,104,173,136,96,NA,NA,NA,56,1.0042,0.0162,stable
France,Somatochlora arctica,NA,NA,NA,NA,NA,NA,NA,NA,NA,NA,100,71,86,35,91,91,107,112,112,116,116,110,111,101,93,105,102,103,100,100,105,94,95,NA,NA,NA,216,1.0138,0.0074,stable
France,Somatochlora flavomaculata,NA,NA,NA,NA,NA,NA,NA,NA,NA,NA,100,97,101,89,102,124,124,123,116,127,120,127,125,126,121,126,111,83,105,100,101,86,107,NA,NA,NA,448,0.9981,0.0062,stable
France,Somatochlora metallica,NA,NA,NA,NA,NA,NA,NA,NA,NA,NA,100,97,93,94,89,91,98,91,89,86,91,92,88,97,75,89,63,93,81,81,83,95,97,NA,NA,NA,817,0.9943,0.0025,moderate_decline
France,Sympecma fusca,NA,NA,NA,NA,NA,NA,NA,NA,NA,NA,100,91,94,87,85,97,89,90,97,84,92,80,88,95,97,87,88,97,100,92,101,99,97,NA,NA,NA,1919,1.0027,0.0016,stable
France,Sympetrum danae,NA,NA,NA,NA,NA,NA,NA,NA,NA,NA,100,93,77,82,78,92,94,101,95,93,82,87,87,84,82,81,75,83,83,79,70,83,90,NA,NA,NA,599,0.9938,0.0036,stable
France,Sympetrum depressiusculum,NA,NA,NA,NA,NA,NA,NA,NA,NA,NA,100,102,106,103,29,91,104,87,75,48,92,41,42,91,67,55,93,65,81,78,88,50,87,NA,NA,NA,99,0.9894,0.0108,stable
France,Sympetrum flaveolum,NA,NA,NA,NA,NA,NA,NA,NA,NA,NA,100,82,98,98,89,99,68,83,80,83,87,83,59,61,63,94,61,81,85,80,57,88,87,NA,NA,NA,532,0.9892,0.0049,moderate_decline
France,Sympetrum fonscolombii,NA,NA,NA,NA,NA,NA,NA,NA,NA,NA,100,92,82,74,76,64,92,71,87,82,82,94,93,91,88,68,85,104,82,99,77,97,103,NA,NA,NA,1517,1.006,0.0034,stable
France,Sympetrum meridionale,NA,NA,NA,NA,NA,NA,NA,NA,NA,NA,100,101,78,84,68,84,96,97,99,103,102,101,89,99,100,89,69,94,100,101,101,104,99,NA,NA,NA,1167,1.0052,0.0025,moderate_increase
France,Sympetrum pedemontanum,NA,NA,NA,NA,NA,NA,NA,NA,NA,NA,100,72,57,86,93,59,93,95,89,66,56,70,85,98,103,102,85,89,82,79,70,89,84,NA,NA,NA,138,1.0044,0.0082,stable
France,Sympetrum sanguineum,NA,NA,NA,NA,NA,NA,NA,NA,NA,NA,100,106,107,107,106,110,106,108,111,112,110,111,100,110,111,109,107,110,110,110,112,109,110,NA,NA,NA,4623,1.0023,0.0011,moderate_increase
France,Sympetrum striolatum,NA,NA,NA,NA,NA,NA,NA,NA,NA,NA,100,91,102,103,104,101,98,103,106,105,103,102,102,104,103,103,94,106,107,107,108,109,108,NA,NA,NA,4076,1.0037,0.0016,moderate_increase
France,Sympetrum vulgatum,NA,NA,NA,NA,NA,NA,NA,NA,NA,NA,100,90,70,93,71,72,89,76,94,97,92,87,87,91,98,92,83,61,83,80,86,88,85,NA,NA,NA,543,0.9993,0.0051,stable
France,Trithemis annulata,NA,NA,NA,NA,NA,NA,NA,NA,NA,NA,100,56,78,65,60,74,76,59,67,94,89,79,85,66,91,70,60,92,103,107,98,83,84,NA,NA,NA,75,1.0181,0.0117,stable
Netherlands,Aeshna affinis,NA,NA,NA,NA,NA,NA,NA,NA,NA,NA,NA,100,141,73,249,461,160,434,26,441,304,328,130,331,431,152,482,366,386,185,319,232,47,185,317,66,158,1.0611,0.0318,uncertain
Netherlands,Aeshna cyanea,NA,NA,NA,NA,NA,NA,NA,NA,NA,NA,NA,100,115,114,120,112,103,100,103,104,95,97,108,106,103,96,102,96,95,100,91,94,95,103,106,104,8291,0.9952,0.0009,moderate_decline
Netherlands,Aeshna grandis,NA,NA,NA,NA,NA,NA,NA,NA,NA,NA,NA,100,91,86,91,91,89,94,89,93,84,92,88,93,88,94,94,95,89,93,89,93,92,92,91,94,7009,1.0004,0.001,stable
Netherlands,Aeshna isoceles,NA,NA,NA,NA,NA,NA,NA,NA,NA,NA,NA,100,90,77,79,71,96,74,102,76,85,88,114,140,154,145,159,191,197,213,222,226,220,227,233,232,5052,1.0578,0.0037,strong_increase
Netherlands,Aeshna juncea,NA,NA,NA,NA,NA,NA,NA,NA,NA,NA,NA,100,100,73,96,83,71,88,84,85,67,74,103,97,73,81,71,67,60,44,44,39,33,40,33,30,863,0.9568,0.0033,moderate_decline
Netherlands,Aeshna mixta,NA,NA,NA,NA,NA,NA,NA,NA,NA,NA,NA,100,95,88,97,104,106,107,98,104,102,99,106,108,108,103,107,106,106,105,104,105,108,107,106,106,13420,1.0043,0.0008,moderate_increase
Netherlands,Aeshna subarctica,NA,NA,NA,NA,NA,NA,NA,NA,NA,NA,NA,100,138,53,305,51,309,452,433,366,216,139,179,448,268,463,472,332,454,420,283,427,295,323,77,275,99,1.0758,0.0304,moderate_increase
Netherlands,Aeshna viridis,NA,NA,NA,NA,NA,NA,NA,NA,NA,NA,NA,100,169,254,212,235,230,238,185,186,174,164,171,168,174,175,173,153,166,178,183,182,206,206,165,192,598,1.0032,0.0102,stable
Netherlands,Anax imperator,NA,NA,NA,NA,NA,NA,NA,NA,NA,NA,NA,100,180,296,296,374,358,283,338,333,381,339,379,396,383,400,399,403,393,411,411,397,404,393,403,403,10753,1.0291,0.0026,moderate_increase
Netherlands,Anax parthenope,NA,NA,NA,NA,NA,NA,NA,NA,NA,NA,NA,100,127,201,15,7,73,29,246,269,139,19,405,575,530,100,384,612,662,357,626,327,198,167,447,592,258,1.1952,0.0405,strong_increase
Netherlands,Brachytron pratense,NA,NA,NA,NA,NA,NA,NA,NA,NA,NA,NA,100,75,89,67,82,86,77,98,86,99,98,105,106,113,103,106,115,116,124,120,127,122,121,128,123,4374,1.0223,0.0032,moderate_increase
Netherlands,Calopteryx splendens,NA,NA,NA,NA,NA,NA,NA,NA,NA,NA,NA,100,94,100,106,115,114,105,100,119,111,109,115,130,118,110,126,117,119,123,126,122,113,121,124,119,6085,1.0086,0.0013,moderate_increase
Netherlands,Calopteryx virgo,NA,NA,NA,NA,NA,NA,NA,NA,NA,NA,NA,100,49,80,53,47,57,71,75,89,73,92,76,90,57,91,100,95,87,112,106,115,120,113,111,110,513,1.0298,0.0051,moderate_increase
Netherlands,Ceriagrion tenellum,NA,NA,NA,NA,NA,NA,NA,NA,NA,NA,NA,100,96,136,109,150,115,115,140,133,194,141,192,228,247,256,300,323,299,296,266,285,303,275,310,309,1789,1.0557,0.0034,moderate_increase
Netherlands,Chalcolestes viridis,NA,NA,NA,NA,NA,NA,NA,NA,NA,NA,NA,100,91,102,90,94,102,94,94,98,93,88,96,97,102,99,98,92,92,96,94,91,91,89,94,90,8732,0.998,0.001,stable
Netherlands,Coenagrion hastulatum,NA,NA,NA,NA,NA,NA,NA,NA,NA,NA,NA,100,279,214,259,200,100,197,165,198,268,243,240,180,197,247,217,246,196,159,140,112,112,129,141,143,62,0.9945,0.0146,stable
Netherlands,Coenagrion lunulatum,NA,NA,NA,NA,NA,NA,NA,NA,NA,NA,NA,100,100,72,77,92,87,73,82,84,88,88,93,93,75,57,64,58,65,69,61,55,61,65,50,66,487,0.9799,0.0037,moderate_decline
Netherlands,Coenagrion puella,NA,NA,NA,NA,NA,NA,NA,NA,NA,NA,NA,100,85,104,106,100,104,98,104,105,109,108,111,108,110,111,111,114,110,114,113,114,114,114,116,117,9848,1.0078,0.001,moderate_increase
Netherlands,Coenagrion pulchellum,NA,NA,NA,NA,NA,NA,NA,NA,NA,NA,NA,100,80,95,96,96,93,93,91,92,94,95,97,92,93,94,92,98,93,96,95,94,92,95,93,97,6861,1.0009,0.0008,stable
Netherlands,Cordulegaster boltonii,NA,NA,NA,NA,NA,NA,NA,NA,NA,NA,NA,100,100,65,25,41,25,53,22,46,42,70,68,60,71,114,98,87,46,74,78,86,65,72,60,73,50,1.0231,0.0086,moderate_increase
Netherlands,Cordulia aenea,NA,NA,NA,NA,NA,NA,NA,NA,NA,NA,NA,100,144,83,119,92,98,116,102,87,121,111,123,127,141,148,155,150,164,162,162,171,161,163,161,163,3608,1.0261,0.0023,moderate_increase
Netherlands,Crocothemis erythraea,NA,NA,NA,NA,NA,NA,NA,NA,NA,NA,NA,100,67,57,30,200,647,716,753,983,2356,1684,1739,3962,4310,4858,6549,8562,9722,8684,7121,6458,6881,7057,8357,9398,1546,1.2949,0.0265,strong_increase
Netherlands,Enallagma cyathigerum,NA,NA,NA,NA,NA,NA,NA,NA,NA,NA,NA,100,103,101,114,114,111,106,106,103,109,107,115,113,108,108,112,111,104,112,105,104,110,109,106,106,7945,1.0008,0.0011,stable
Netherlands,Erythromma lindenii,NA,NA,NA,NA,NA,NA,NA,NA,NA,NA,NA,100,92,132,26,64,54,124,59,96,121,169,147,229,266,175,208,250,245,253,266,239,227,215,260,274,750,1.0752,0.0117,strong_increase
Netherlands,Erythromma najas,NA,NA,NA,NA,NA,NA,NA,NA,NA,NA,NA,100,87,94,104,103,105,102,94,105,105,96,106,107,107,106,108,110,108,113,112,114,111,110,110,110,7088,1.0069,0.0013,moderate_increase
Netherlands,Erythromma viridulum,NA,NA,NA,NA,NA,NA,NA,NA,NA,NA,NA,100,233,215,221,398,433,375,367,303,329,325,395,392,417,379,415,398,360,390,362,350,335,333,380,371,5723,1.0234,0.0036,moderate_increase
Netherlands,Gomphus pulchellus,NA,NA,NA,NA,NA,NA,NA,NA,NA,NA,NA,100,74,60,81,67,107,73,77,96,79,83,87,71,80,76,78,90,62,92,61,72,56,59,73,71,816,0.9919,0.0044,stable
Netherlands,Gomphus vulgatissimus,NA,NA,NA,NA,NA,NA,NA,NA,NA,NA,NA,100,15,22,99,173,127,132,98,110,110,136,238,245,191,217,241,181,198,243,191,233,189,158,159,196,495,1.0782,0.0202,moderate_increase
Netherlands,Ischnura elegans,NA,NA,NA,NA,NA,NA,NA,NA,NA,NA,NA,100,101,102,102,104,103,101,102,101,101,101,99,100,98,99,100,101,98,98,94,95,95,92,95,96,16674,0.9966,0.0003,moderate_decline
Netherlands,Ischnura pumilio,NA,NA,NA,NA,NA,NA,NA,NA,NA,NA,NA,100,81,66,51,64,37,78,86,64,62,62,101,138,77,103,100,151,159,129,119,119,188,147,145,168,1543,1.0472,0.0076,moderate_increase
Netherlands,Lestes barbarus,NA,NA,NA,NA,NA,NA,NA,NA,NA,NA,NA,100,98,45,654,868,980,1128,748,785,785,594,727,601,695,740,924,933,665,574,713,455,446,618,508,313,1559,1.0449,0.0154,moderate_increase
Netherlands,Lestes dryas,NA,NA,NA,NA,NA,NA,NA,NA,NA,NA,NA,100,84,125,94,127,42,57,70,48,54,46,86,89,74,91,74,89,73,75,93,92,94,79,77,75,1459,1.001,0.0033,stable
Netherlands,Lestes sponsa,NA,NA,NA,NA,NA,NA,NA,NA,NA,NA,NA,100,102,103,114,111,111,106,102,102,98,94,104,96,93,95,86,90,87,85,87,83,87,86,84,80,5144,0.9878,0.0009,moderate_decline
Netherlands,Lestes virens,NA,NA,NA,NA,NA,NA,NA,NA,NA,NA,NA,100,125,87,124,114,131,120,126,150,142,130,191,176,213,220,234,226,221,227,260,213,244,254,264,253,2120,1.0479,0.0086,moderate_increase
Netherlands,Leucorrhinia dubia,NA,NA,NA,NA,NA,NA,NA,NA,NA,NA,NA,100,129,141,123,102,116,125,91,117,104,106,93,144,110,107,134,115,139,140,117,127,146,128,117,136,1055,1.0073,0.0036,moderate_increase
Netherlands,Leucorrhinia pectoralis,NA,NA,NA,NA,NA,NA,NA,NA,NA,NA,NA,100,195,7,40,5,4,202,188,127,242,183,154,325,180,220,222,301,365,282,330,366,712,422,506,372,522,1.1786,0.0306,strong_increase
Netherlands,Leucorrhinia rubicunda,NA,NA,NA,NA,NA,NA,NA,NA,NA,NA,NA,100,105,79,89,97,79,93,71,101,120,112,109,121,84,97,110,101,117,113,93,123,118,111,102,99,1700,1.0093,0.0025,moderate_increase
Netherlands,Libellula depressa,NA,NA,NA,NA,NA,NA,NA,NA,NA,NA,NA,100,144,166,133,132,152,142,153,141,143,154,160,162,167,162,169,172,163,178,175,177,173,170,169,169,8541,1.0135,0.0021,moderate_increase
Netherlands,Libellula fulva,NA,NA,NA,NA,NA,NA,NA,NA,NA,NA,NA,100,94,72,75,81,99,79,87,82,83,86,87,136,115,107,117,157,137,171,159,180,185,175,183,195,1220,1.0432,0.0047,moderate_increase
Netherlands,Libellula quadrimaculata,NA,NA,NA,NA,NA,NA,NA,NA,NA,NA,NA,100,104,105,107,97,85,96,106,105,109,106,106,107,99,104,105,109,112,113,110,114,116,113,108,109,7855,1.0056,0.0011,moderate_increase
Netherlands,Orthetrum brunneum,NA,NA,NA,NA,NA,NA,NA,NA,NA,NA,NA,100,8,46,13,200,260,258,176,153,104,285,187,283,284,282,331,370,139,215,374,224,401,392,221,289,131,1.1213,0.0241,strong_increase
Netherlands,Orthetrum cancellatum,NA,NA,NA,NA,NA,NA,NA,NA,NA,NA,NA,100,118,110,124,139,143,135,127,123,128,132,134,141,141,140,145,142,137,139,141,138,138,136,135,139,13374,1.0078,0.0011,moderate_increase
Netherlands,Orthetrum coerulescens,NA,NA,NA,NA,NA,NA,NA,NA,NA,NA,NA,100,87,62,72,118,103,158,94,97,79,112,88,150,122,176,206,208,181,177,179,121,143,153,174,173,443,1.037,0.006,moderate_increase
Netherlands,Platycnemis pennipes,NA,NA,NA,NA,NA,NA,NA,NA,NA,NA,NA,100,88,111,112,135,118,123,132,134,129,120,143,160,160,160,155,176,163,161,163,177,163,173,174,180,3436,1.0249,0.0023,moderate_increase
Netherlands,Pyrrhosoma nymphula,NA,NA,NA,NA,NA,NA,NA,NA,NA,NA,NA,100,93,93,102,98,85,86,88,98,97,100,98,101,95,101,98,102,104,105,102,102,104,104,103,104,8572,1.0052,0.0008,moderate_increase
Netherlands,Somatochlora arctica,NA,NA,NA,NA,NA,NA,NA,NA,NA,NA,NA,100,85,92,80,67,56,67,117,71,81,47,39,76,83,135,127,113,126,124,200,211,152,182,107,194,29,1.0655,0.022,moderate_increase
Netherlands,Somatochlora flavomaculata,NA,NA,NA,NA,NA,NA,NA,NA,NA,NA,NA,100,32,354,400,330,317,172,126,505,550,482,617,1222,771,905,1021,533,1081,999,1025,834,936,989,929,1138,193,1.1239,0.022,strong_increase
Netherlands,Somatochlora metallica,NA,NA,NA,NA,NA,NA,NA,NA,NA,NA,NA,100,111,109,102,97,96,100,72,85,88,86,111,109,97,124,107,98,87,104,97,95,97,89,99,101,2102,0.9997,0.0028,stable
Netherlands,Sympecma fusca,NA,NA,NA,NA,NA,NA,NA,NA,NA,NA,NA,100,409,44,114,226,331,315,576,578,567,394,844,687,688,927,766,864,893,901,997,1029,1030,1089,1134,1139,1346,1.1336,0.027,strong_increase
Netherlands,Sympecma paedisca,NA,NA,NA,NA,NA,NA,NA,NA,NA,NA,NA,100,86,112,75,44,62,65,177,44,176,184,202,169,189,215,148,204,182,208,148,171,209,215,211,224,190,1.0899,0.0298,moderate_increase
Netherlands,Sympetrum danae,NA,NA,NA,NA,NA,NA,NA,NA,NA,NA,NA,100,100,96,95,105,101,107,96,104,88,80,95,92,96,91,85,76,79,72,68,61,85,93,90,64,5189,0.9854,0.0008,moderate_decline
Netherlands,Sympetrum flaveolum,NA,NA,NA,NA,NA,NA,NA,NA,NA,NA,NA,100,63,63,151,172,161,168,113,149,80,20,97,133,106,153,151,70,148,87,36,20,12,25,12,3,2425,0.9105,0.0096,steep_decline
Netherlands,Sympetrum fonscolombii,NA,NA,NA,NA,NA,NA,NA,NA,NA,NA,NA,100,37,32,16,103,2781,994,1303,854,997,665,1642,2363,1130,1222,2573,4216,1840,2137,1146,1140,3031,1928,2066,3083,1446,1.215,0.0277,strong_increase
Netherlands,Sympetrum pedemontanum,NA,NA,NA,NA,NA,NA,NA,NA,NA,NA,NA,100,143,76,701,1556,2058,2143,1735,1329,749,1854,2138,1327,2803,2174,3067,2682,2755,3011,3722,3403,3200,2973,3480,2780,1132,1.1671,0.0313,strong_increase
Netherlands,Sympetrum sanguineum,NA,NA,NA,NA,NA,NA,NA,NA,NA,NA,NA,100,108,95,115,134,133,130,123,123,116,111,115,112,119,116,126,120,122,118,118,106,105,110,114,108,8801,0.9994,0.0012,stable
Netherlands,Sympetrum striolatum,NA,NA,NA,NA,NA,NA,NA,NA,NA,NA,NA,100,85,122,113,128,137,114,128,110,118,112,120,119,122,123,141,143,141,141,132,135,136,131,132,136,8286,1.0115,0.0018,moderate_increase
Netherlands,Sympetrum vulgatum,NA,NA,NA,NA,NA,NA,NA,NA,NA,NA,NA,100,96,105,87,105,110,110,103,88,92,86,91,96,99,102,106,100,101,102,101,102,103,102,102,105,9853,1.0019,0.0009,moderate_increase
North Rhine-Westphalia,Aeshna affinis,NA,NA,NA,NA,NA,NA,NA,NA,NA,NA,100,89,89,91,89,150,58,74,67,95,95,104,70,102,78,101,161,90,139,125,122,NA,NA,NA,NA,NA,31,1.0252,0.0218,uncertain
North Rhine-Westphalia,Aeshna cyanea,NA,NA,NA,NA,NA,NA,NA,NA,NA,NA,100,99,136,120,143,164,136,142,151,171,161,166,178,162,155,165,171,154,169,142,171,NA,NA,NA,NA,NA,584,1.0205,0.0091,moderate_increase
North Rhine-Westphalia,Aeshna grandis,NA,NA,NA,NA,NA,NA,NA,NA,NA,NA,100,107,86,113,87,138,84,133,37,164,76,157,91,80,77,108,114,128,145,156,77,NA,NA,NA,NA,NA,59,1.0068,0.0184,stable
North Rhine-Westphalia,Aeshna juncea,NA,NA,NA,NA,NA,NA,NA,NA,NA,NA,100,92,73,76,91,82,66,101,55,89,44,77,98,110,82,92,93,89,72,83,78,NA,NA,NA,NA,NA,116,1.0014,0.011,stable
North Rhine-Westphalia,Aeshna mixta,NA,NA,NA,NA,NA,NA,NA,NA,NA,NA,100,68,127,124,139,109,110,142,133,166,155,109,148,145,137,133,161,156,128,98,126,NA,NA,NA,NA,NA,89,1.0161,0.017,uncertain
North Rhine-Westphalia,Anax imperator,NA,NA,NA,NA,NA,NA,NA,NA,NA,NA,100,101,90,82,106,108,108,107,108,105,109,110,111,108,107,111,108,107,112,112,112,NA,NA,NA,NA,NA,1197,1.0081,0.0025,moderate_increase
North Rhine-Westphalia,Brachytron pratense,NA,NA,NA,NA,NA,NA,NA,NA,NA,NA,100,155,99,106,110,128,80,113,84,107,163,163,151,135,194,166,173,91,204,205,193,NA,NA,NA,NA,NA,122,1.0376,0.0169,moderate_increase
North Rhine-Westphalia,Calopteryx splendens,NA,NA,NA,NA,NA,NA,NA,NA,NA,NA,100,90,96,127,147,151,151,137,138,150,150,155,161,162,146,159,139,144,163,132,154,NA,NA,NA,NA,NA,828,1.0186,0.0053,moderate_increase
North Rhine-Westphalia,Calopteryx virgo,NA,NA,NA,NA,NA,NA,NA,NA,NA,NA,100,95,119,164,173,173,188,184,168,178,171,169,188,189,111,181,187,178,198,189,196,NA,NA,NA,NA,NA,358,1.0245,0.0099,moderate_increase
North Rhine-Westphalia,Ceriagrion tenellum,NA,NA,NA,NA,NA,NA,NA,NA,NA,NA,100,61,59,48,39,75,84,102,104,78,96,111,112,79,97,106,107,112,80,64,80,NA,NA,NA,NA,NA,49,1.0227,0.0169,uncertain
North Rhine-Westphalia,Chalcolestes viridis,NA,NA,NA,NA,NA,NA,NA,NA,NA,NA,100,80,96,95,114,128,116,140,121,130,128,109,122,125,121,137,138,145,128,123,121,NA,NA,NA,NA,NA,315,1.0175,0.0085,moderate_increase
North Rhine-Westphalia,Coenagrion mercuriale,NA,NA,NA,NA,NA,NA,NA,NA,NA,NA,100,136,149,102,117,131,146,140,160,166,107,232,166,239,213,255,235,217,221,242,199,NA,NA,NA,NA,NA,74,1.0472,0.0142,moderate_increase
North Rhine-Westphalia,Coenagrion puella,NA,NA,NA,NA,NA,NA,NA,NA,NA,NA,100,98,107,105,111,111,116,117,116,118,119,120,115,116,117,116,118,114,115,115,118,NA,NA,NA,NA,NA,1205,1.0064,0.0026,moderate_increase
North Rhine-Westphalia,Coenagrion pulchellum,NA,NA,NA,NA,NA,NA,NA,NA,NA,NA,100,69,51,32,86,94,53,85,80,84,90,89,77,74,87,88,68,80,91,76,56,NA,NA,NA,NA,NA,91,1.0105,0.0133,stable
North Rhine-Westphalia,Cordulegaster bidentata,NA,NA,NA,NA,NA,NA,NA,NA,NA,NA,100,82,97,97,94,93,85,81,95,81,73,49,40,183,170,168,172,109,104,129,139,NA,NA,NA,NA,NA,50,1.0328,0.0211,uncertain
North Rhine-Westphalia,Cordulegaster boltonii,NA,NA,NA,NA,NA,NA,NA,NA,NA,NA,100,140,139,171,191,184,168,99,111,118,123,142,189,199,183,176,169,145,171,142,172,NA,NA,NA,NA,NA,144,1.0127,0.0102,stable
North Rhine-Westphalia,Cordulia aenea,NA,NA,NA,NA,NA,NA,NA,NA,NA,NA,100,85,85,61,93,97,103,113,117,112,120,121,127,96,107,110,121,118,132,132,131,NA,NA,NA,NA,NA,359,1.0242,0.0081,moderate_increase
North Rhine-Westphalia,Crocothemis erythraea,NA,NA,NA,NA,NA,NA,NA,NA,NA,NA,100,207,105,173,239,175,133,128,144,159,219,300,304,394,363,411,473,489,545,495,407,NA,NA,NA,NA,NA,172,1.1007,0.0272,moderate_increase
North Rhine-Westphalia,Enallagma cyathigerum,NA,NA,NA,NA,NA,NA,NA,NA,NA,NA,100,77,86,72,83,85,75,89,90,88,90,94,98,96,88,92,92,88,98,99,96,NA,NA,NA,NA,NA,902,1.0088,0.0037,moderate_increase
North Rhine-Westphalia,Erythromma lindenii,NA,NA,NA,NA,NA,NA,NA,NA,NA,NA,100,44,101,54,96,101,75,88,66,110,69,106,113,115,107,98,119,112,111,118,120,NA,NA,NA,NA,NA,170,1.0336,0.0137,moderate_increase
North Rhine-Westphalia,Erythromma najas,NA,NA,NA,NA,NA,NA,NA,NA,NA,NA,100,57,40,48,64,71,72,76,73,95,96,101,81,84,80,85,63,57,112,109,103,NA,NA,NA,NA,NA,211,1.0275,0.012,moderate_increase
North Rhine-Westphalia,Erythromma viridulum,NA,NA,NA,NA,NA,NA,NA,NA,NA,NA,100,81,102,80,123,128,122,114,130,124,107,125,133,134,125,144,143,136,129,137,134,NA,NA,NA,NA,NA,342,1.0229,0.0088,moderate_increase
North Rhine-Westphalia,Gomphus pulchellus,NA,NA,NA,NA,NA,NA,NA,NA,NA,NA,100,115,120,121,133,112,146,143,149,133,136,118,138,134,131,146,107,143,152,102,132,NA,NA,NA,NA,NA,278,1.0068,0.0092,stable
North Rhine-Westphalia,Gomphus vulgatissimus,NA,NA,NA,NA,NA,NA,NA,NA,NA,NA,100,160,169,129,213,167,181,266,272,297,300,316,322,267,297,313,274,332,338,293,250,NA,NA,NA,NA,NA,122,1.0583,0.0223,moderate_increase
North Rhine-Westphalia,Ischnura elegans,NA,NA,NA,NA,NA,NA,NA,NA,NA,NA,100,93,90,88,93,95,99,99,99,98,98,97,98,99,100,100,98,98,100,97,99,NA,NA,NA,NA,NA,1513,1.0033,0.0015,moderate_increase
North Rhine-Westphalia,Ischnura pumilio,NA,NA,NA,NA,NA,NA,NA,NA,NA,NA,100,86,69,29,67,58,48,48,56,65,73,72,66,69,67,74,70,50,92,84,57,NA,NA,NA,NA,NA,185,1.0074,0.0085,stable
North Rhine-Westphalia,Lestes barbarus,NA,NA,NA,NA,NA,NA,NA,NA,NA,NA,100,109,111,73,70,172,117,146,167,168,168,107,151,116,162,154,186,157,125,119,71,NA,NA,NA,NA,NA,135,1.0183,0.0186,uncertain
North Rhine-Westphalia,Lestes dryas,NA,NA,NA,NA,NA,NA,NA,NA,NA,NA,100,131,197,197,229,182,167,182,158,253,254,229,233,210,224,183,220,260,238,215,263,NA,NA,NA,NA,NA,113,1.032,0.0188,uncertain
North Rhine-Westphalia,Lestes sponsa,NA,NA,NA,NA,NA,NA,NA,NA,NA,NA,100,69,124,106,134,136,117,132,151,134,147,134,142,128,118,119,134,129,125,98,117,NA,NA,NA,NA,NA,467,1.0076,0.0071,stable
North Rhine-Westphalia,Leucorrhinia dubia,NA,NA,NA,NA,NA,NA,NA,NA,NA,NA,100,103,28,92,81,58,42,98,46,84,69,67,59,100,96,71,91,74,86,66,70,NA,NA,NA,NA,NA,72,1.0093,0.0136,stable
North Rhine-Westphalia,Leucorrhinia pectoralis,NA,NA,NA,NA,NA,NA,NA,NA,NA,NA,100,122,292,150,136,143,149,98,114,79,307,95,153,220,149,126,166,228,256,176,131,NA,NA,NA,NA,NA,36,1.0275,0.0252,uncertain
North Rhine-Westphalia,Leucorrhinia rubicunda,NA,NA,NA,NA,NA,NA,NA,NA,NA,NA,100,60,74,63,54,68,52,48,51,65,98,83,77,76,86,85,82,65,50,54,58,NA,NA,NA,NA,NA,99,1.0001,0.0123,stable
North Rhine-Westphalia,Libellula depressa,NA,NA,NA,NA,NA,NA,NA,NA,NA,NA,100,73,101,107,104,103,105,107,103,101,107,109,104,115,104,106,95,90,112,108,102,NA,NA,NA,NA,NA,727,1.0049,0.0046,stable
North Rhine-Westphalia,Libellula fulva,NA,NA,NA,NA,NA,NA,NA,NA,NA,NA,100,179,181,175,191,190,272,225,287,274,215,195,209,191,258,271,185,180,294,285,210,NA,NA,NA,NA,NA,65,1.0278,0.0206,uncertain
North Rhine-Westphalia,Libellula quadrimaculata,NA,NA,NA,NA,NA,NA,NA,NA,NA,NA,100,84,80,79,92,96,93,92,93,99,95,104,105,98,92,96,99,97,105,104,100,NA,NA,NA,NA,NA,824,1.0089,0.0041,moderate_increase
North Rhine-Westphalia,Orthetrum brunneum,NA,NA,NA,NA,NA,NA,NA,NA,NA,NA,100,119,136,139,109,149,133,126,108,124,142,112,95,113,154,227,187,161,137,208,176,NA,NA,NA,NA,NA,71,1.0302,0.0188,uncertain
North Rhine-Westphalia,Orthetrum cancellatum,NA,NA,NA,NA,NA,NA,NA,NA,NA,NA,100,89,79,83,104,103,103,103,102,102,98,98,102,106,102,106,107,93,108,109,111,NA,NA,NA,NA,NA,1013,1.0087,0.0027,moderate_increase
North Rhine-Westphalia,Orthetrum coerulescens,NA,NA,NA,NA,NA,NA,NA,NA,NA,NA,100,115,96,106,141,92,84,100,87,126,172,170,194,191,28,40,38,99,83,78,105,NA,NA,NA,NA,NA,33,0.969,0.0257,uncertain
North Rhine-Westphalia,Platycnemis pennipes,NA,NA,NA,NA,NA,NA,NA,NA,NA,NA,100,128,137,132,173,211,213,221,226,221,209,206,231,236,242,241,209,227,245,235,221,NA,NA,NA,NA,NA,543,1.0349,0.0111,moderate_increase
North Rhine-Westphalia,Pyrrhosoma nymphula,NA,NA,NA,NA,NA,NA,NA,NA,NA,NA,100,114,124,104,124,124,129,131,133,129,133,134,128,121,127,133,123,122,130,129,122,NA,NA,NA,NA,NA,1121,1.0061,0.0034,stable
North Rhine-Westphalia,Somatochlora metallica,NA,NA,NA,NA,NA,NA,NA,NA,NA,NA,100,96,92,130,150,189,179,171,132,177,99,114,161,175,155,184,171,164,157,172,124,NA,NA,NA,NA,NA,188,1.0216,0.0137,stable
North Rhine-Westphalia,Sympecma fusca,NA,NA,NA,NA,NA,NA,NA,NA,NA,NA,100,79,72,56,85,85,71,105,113,88,92,93,86,83,136,133,119,136,95,93,102,NA,NA,NA,NA,NA,163,1.0228,0.0104,moderate_increase
North Rhine-Westphalia,Sympetrum danae,NA,NA,NA,NA,NA,NA,NA,NA,NA,NA,100,49,78,68,96,53,51,88,81,97,99,87,95,91,93,97,91,72,74,55,54,NA,NA,NA,NA,NA,258,1.0007,0.009,stable
North Rhine-Westphalia,Sympetrum flaveolum,NA,NA,NA,NA,NA,NA,NA,NA,NA,NA,100,91,81,55,128,154,81,120,136,161,117,59,85,84,66,169,149,43,127,50,67,NA,NA,NA,NA,NA,152,0.9808,0.0207,uncertain
North Rhine-Westphalia,Sympetrum fonscolombii,NA,NA,NA,NA,NA,NA,NA,NA,NA,NA,100,292,129,133,152,162,298,221,275,169,217,124,227,267,223,194,273,341,296,189,238,NA,NA,NA,NA,NA,88,1.0413,0.0254,uncertain
North Rhine-Westphalia,Sympetrum sanguineum,NA,NA,NA,NA,NA,NA,NA,NA,NA,NA,100,52,117,92,135,134,117,137,136,136,131,124,130,127,131,141,145,142,124,134,143,NA,NA,NA,NA,NA,588,1.0235,0.0074,moderate_increase
North Rhine-Westphalia,Sympetrum striolatum,NA,NA,NA,NA,NA,NA,NA,NA,NA,NA,100,61,65,84,86,86,89,105,108,101,93,95,90,101,96,85,98,109,106,89,72,NA,NA,NA,NA,NA,271,1.0093,0.008,stable
North Rhine-Westphalia,Sympetrum vulgatum,NA,NA,NA,NA,NA,NA,NA,NA,NA,NA,100,47,71,86,77,100,91,97,90,100,55,84,30,79,73,89,93,76,67,70,56,NA,NA,NA,NA,NA,143,0.9902,0.0121,stable
Sweden,Aeshna caerulea,NA,NA,NA,NA,NA,NA,NA,NA,NA,NA,NA,100,130,121,126,140,108,167,99,132,126,131,147,115,128,150,174,184,202,207,195,206,196,204,210,NA,292,1.0367,0.0125,moderate_increase
Sweden,Aeshna cyanea,NA,NA,NA,NA,NA,NA,NA,NA,NA,NA,NA,100,86,61,58,84,67,65,79,80,87,90,57,88,74,102,115,115,120,124,125,129,127,127,129,NA,1514,1.0326,0.0074,moderate_increase
Sweden,Aeshna grandis,NA,NA,NA,NA,NA,NA,NA,NA,NA,NA,NA,100,84,53,68,76,93,78,86,85,97,104,85,74,75,92,114,119,124,125,126,128,128,127,125,NA,3330,1.0278,0.0051,moderate_increase
Sweden,Aeshna isoceles,NA,NA,NA,NA,NA,NA,NA,NA,NA,NA,NA,100,68,131,88,126,107,93,100,102,104,133,138,79,76,105,51,167,160,126,105,137,155,142,161,NA,153,1.0243,0.0158,uncertain
Sweden,Aeshna juncea,NA,NA,NA,NA,NA,NA,NA,NA,NA,NA,NA,100,80,72,77,53,104,84,109,120,110,92,106,76,96,120,135,135,133,139,134,135,140,142,137,NA,1193,1.032,0.0059,moderate_increase
Sweden,Aeshna mixta,NA,NA,NA,NA,NA,NA,NA,NA,NA,NA,NA,100,98,86,70,134,76,123,64,123,75,109,89,162,138,149,72,165,163,182,183,182,167,178,181,NA,926,1.0423,0.0085,moderate_increase
Sweden,Aeshna serrata,NA,NA,NA,NA,NA,NA,NA,NA,NA,NA,NA,100,105,98,96,104,88,116,106,101,91,123,95,114,115,108,88,117,116,135,123,162,181,183,129,NA,66,1.0301,0.0165,uncertain
Sweden,Aeshna subarctica,NA,NA,NA,NA,NA,NA,NA,NA,NA,NA,NA,100,130,129,131,103,142,124,136,133,119,153,117,112,157,148,164,188,183,177,177,179,197,196,190,NA,163,1.0341,0.0149,moderate_increase
Sweden,Aeshna viridis,NA,NA,NA,NA,NA,NA,NA,NA,NA,NA,NA,100,78,64,77,78,88,61,74,64,68,65,74,77,56,88,106,104,126,119,124,136,128,89,85,NA,79,1.0278,0.0125,moderate_increase
Sweden,Anax imperator,NA,NA,NA,NA,NA,NA,NA,NA,NA,NA,NA,100,117,109,127,80,81,79,118,114,118,61,100,163,155,94,169,199,193,224,211,221,217,201,228,NA,492,1.0575,0.0184,moderate_increase
Sweden,Brachytron pratense,NA,NA,NA,NA,NA,NA,NA,NA,NA,NA,NA,100,213,214,188,277,250,183,118,175,107,275,104,179,140,136,264,290,313,308,292,311,292,302,308,NA,845,1.0382,0.0162,moderate_increase
Sweden,Calopteryx splendens,NA,NA,NA,NA,NA,NA,NA,NA,NA,NA,NA,100,112,110,104,130,132,98,108,126,101,125,98,139,110,137,139,169,196,180,197,195,195,194,196,NA,873,1.0358,0.008,moderate_increase
Sweden,Calopteryx virgo,NA,NA,NA,NA,NA,NA,NA,NA,NA,NA,NA,100,111,79,64,74,131,102,81,98,96,93,65,87,95,107,130,149,150,152,155,154,150,156,145,NA,1569,1.032,0.0058,moderate_increase
Sweden,Coenagrion armatum,NA,NA,NA,NA,NA,NA,NA,NA,NA,NA,NA,100,173,109,119,141,114,128,164,201,152,147,160,110,145,114,110,200,194,194,194,172,223,238,123,NA,145,1.0269,0.0177,uncertain
Sweden,Coenagrion hastulatum,NA,NA,NA,NA,NA,NA,NA,NA,NA,NA,NA,100,84,104,83,128,107,103,116,106,117,91,127,99,91,103,136,124,169,171,170,174,174,166,154,NA,1708,1.0293,0.0057,moderate_increase
Sweden,Coenagrion johanssoni,NA,NA,NA,NA,NA,NA,NA,NA,NA,NA,NA,100,111,91,104,106,79,79,111,90,78,109,74,109,97,128,133,142,165,147,141,157,142,141,138,NA,179,1.0302,0.0111,moderate_increase
Sweden,Coenagrion lunulatum,NA,NA,NA,NA,NA,NA,NA,NA,NA,NA,NA,100,102,81,80,96,75,103,114,79,88,87,68,69,104,70,101,122,110,132,142,138,136,155,138,NA,230,1.0316,0.0146,moderate_increase
Sweden,Coenagrion puella,NA,NA,NA,NA,NA,NA,NA,NA,NA,NA,NA,100,113,136,107,156,161,87,80,110,102,142,142,102,100,121,136,150,199,200,199,201,205,204,194,NA,1901,1.0325,0.0073,moderate_increase
Sweden,Coenagrion pulchellum,NA,NA,NA,NA,NA,NA,NA,NA,NA,NA,NA,100,121,171,111,169,157,160,138,157,134,179,160,124,110,67,149,184,213,210,210,206,216,210,203,NA,1936,1.0244,0.0068,moderate_increase
Sweden,Cordulegaster boltonii,NA,NA,NA,NA,NA,NA,NA,NA,NA,NA,NA,100,226,149,124,187,208,203,190,140,170,174,105,174,170,230,255,246,255,262,268,267,230,271,255,NA,431,1.0382,0.0139,moderate_increase
Sweden,Cordulia aenea,NA,NA,NA,NA,NA,NA,NA,NA,NA,NA,NA,100,166,166,131,139,127,133,146,137,159,192,161,156,149,149,226,206,244,241,255,247,245,257,245,NA,1794,1.0364,0.0071,moderate_increase
Sweden,Enallagma cyathigerum,NA,NA,NA,NA,NA,NA,NA,NA,NA,NA,NA,100,104,103,125,126,106,100,115,121,125,133,119,121,107,132,106,151,161,166,156,166,164,163,156,NA,2237,1.0227,0.0051,moderate_increase
Sweden,Epitheca bimaculata,NA,NA,NA,NA,NA,NA,NA,NA,NA,NA,NA,100,96,114,114,94,112,102,107,105,80,92,95,131,90,107,109,146,91,128,136,94,170,175,148,NA,88,1.0267,0.0166,uncertain
Sweden,Erythromma najas,NA,NA,NA,NA,NA,NA,NA,NA,NA,NA,NA,100,94,105,82,94,97,83,85,110,77,97,53,106,84,75,119,134,146,149,143,152,152,150,151,NA,1232,1.0281,0.0069,moderate_increase
Sweden,Erythromma viridulum,NA,NA,NA,NA,NA,NA,NA,NA,NA,NA,NA,100,126,101,118,134,94,139,113,89,115,100,123,101,123,120,92,167,185,204,173,180,190,173,208,NA,151,1.0375,0.0142,moderate_increase
Sweden,Gomphus vulgatissimus,NA,NA,NA,NA,NA,NA,NA,NA,NA,NA,NA,100,117,111,109,116,112,85,83,133,105,77,103,122,140,134,148,149,174,140,167,195,179,187,201,NA,237,1.041,0.0161,moderate_increase
Sweden,Ischnura elegans,NA,NA,NA,NA,NA,NA,NA,NA,NA,NA,NA,100,98,100,84,109,108,86,92,95,123,145,123,124,97,86,140,162,167,167,154,159,166,163,156,NA,1539,1.0304,0.0059,moderate_increase
Sweden,Ischnura pumilio,NA,NA,NA,NA,NA,NA,NA,NA,NA,NA,NA,100,122,104,95,84,83,73,96,97,82,105,91,83,95,72,122,120,150,150,146,127,147,158,150,NA,87,1.0326,0.0157,moderate_increase
Sweden,Lestes dryas,NA,NA,NA,NA,NA,NA,NA,NA,NA,NA,NA,100,89,104,56,127,122,106,96,88,83,118,74,83,93,72,97,120,121,100,140,149,126,134,108,NA,211,1.0209,0.0139,stable
Sweden,Lestes sponsa,NA,NA,NA,NA,NA,NA,NA,NA,NA,NA,NA,100,55,42,92,54,90,95,93,92,81,96,80,88,90,92,101,109,106,109,112,115,112,115,114,NA,2229,1.0273,0.0053,moderate_increase
Sweden,Lestes virens,NA,NA,NA,NA,NA,NA,NA,NA,NA,NA,NA,100,56,64,114,83,67,70,73,65,91,83,69,52,49,105,80,117,125,103,138,137,134,136,136,NA,211,1.0363,0.0091,moderate_increase
Sweden,Leucorrhinia albifrons,NA,NA,NA,NA,NA,NA,NA,NA,NA,NA,NA,100,86,118,103,96,130,97,128,64,103,108,121,93,137,156,184,166,173,173,184,175,172,173,129,NA,255,1.0383,0.0127,moderate_increase
Sweden,Leucorrhinia caudalis,NA,NA,NA,NA,NA,NA,NA,NA,NA,NA,NA,100,95,83,103,87,86,102,100,87,92,91,93,91,64,128,160,161,157,130,141,159,156,159,120,NA,199,1.0376,0.0174,moderate_increase
Sweden,Leucorrhinia dubia,NA,NA,NA,NA,NA,NA,NA,NA,NA,NA,NA,100,97,73,67,79,49,77,103,79,81,96,64,41,74,86,115,118,118,114,115,113,111,121,115,NA,680,1.0246,0.0074,moderate_increase
Sweden,Leucorrhinia pectoralis,NA,NA,NA,NA,NA,NA,NA,NA,NA,NA,NA,100,116,78,105,85,104,105,107,116,131,135,105,114,134,124,146,152,161,135,142,153,158,158,151,NA,588,1.0295,0.0108,moderate_increase
Sweden,Leucorrhinia rubicunda,NA,NA,NA,NA,NA,NA,NA,NA,NA,NA,NA,100,123,105,75,74,69,109,121,112,111,97,63,72,68,106,124,93,142,128,141,130,138,147,131,NA,909,1.0214,0.01,moderate_increase
Sweden,Libellula depressa,NA,NA,NA,NA,NA,NA,NA,NA,NA,NA,NA,100,179,178,135,176,166,156,158,181,150,202,123,109,140,134,177,245,246,224,238,251,245,259,256,NA,1025,1.0308,0.01,moderate_increase
Sweden,Libellula fulva,NA,NA,NA,NA,NA,NA,NA,NA,NA,NA,NA,100,93,89,96,80,92,103,104,89,86,99,97,84,97,126,158,139,117,133,182,174,130,137,143,NA,65,1.0371,0.0199,uncertain
Sweden,Libellula quadrimaculata,NA,NA,NA,NA,NA,NA,NA,NA,NA,NA,NA,100,99,98,72,109,96,80,97,103,110,119,119,87,104,87,147,143,148,151,152,153,151,153,150,NA,3189,1.0282,0.0034,moderate_increase
Sweden,Onychogomphus forcipatus,NA,NA,NA,NA,NA,NA,NA,NA,NA,NA,NA,100,68,127,100,120,149,137,139,145,115,99,130,106,121,146,182,170,194,213,206,206,191,216,204,NA,312,1.0478,0.0169,moderate_increase
Sweden,Orthetrum cancellatum,NA,NA,NA,NA,NA,NA,NA,NA,NA,NA,NA,100,149,176,164,170,140,129,123,125,130,199,161,189,164,133,176,222,223,229,225,230,205,219,225,NA,1343,1.0285,0.0079,moderate_increase
Sweden,Orthetrum coerulescens,NA,NA,NA,NA,NA,NA,NA,NA,NA,NA,NA,100,96,120,139,101,169,155,157,125,128,115,129,102,121,120,195,193,199,199,207,215,205,231,228,NA,367,1.0432,0.0182,moderate_increase
Sweden,Platycnemis pennipes,NA,NA,NA,NA,NA,NA,NA,NA,NA,NA,NA,100,98,52,78,103,87,93,90,103,105,115,83,101,98,86,86,145,152,153,148,157,155,155,160,NA,654,1.0378,0.0094,moderate_increase
Sweden,Pyrrhosoma nymphula,NA,NA,NA,NA,NA,NA,NA,NA,NA,NA,NA,100,157,97,115,140,149,141,136,142,82,90,110,136,99,149,164,158,201,205,206,202,204,193,193,NA,1347,1.0309,0.0078,moderate_increase
Sweden,Somatochlora alpestris,NA,NA,NA,NA,NA,NA,NA,NA,NA,NA,NA,100,82,105,97,106,98,107,108,106,100,100,91,121,101,99,115,128,158,148,154,170,137,135,133,NA,52,1.0304,0.0162,uncertain
Sweden,Somatochlora arctica,NA,NA,NA,NA,NA,NA,NA,NA,NA,NA,NA,100,105,101,93,73,94,104,108,108,79,133,90,90,105,94,86,118,123,152,150,148,143,146,145,NA,176,1.0298,0.0145,moderate_increase
Sweden,Somatochlora flavomaculata,NA,NA,NA,NA,NA,NA,NA,NA,NA,NA,NA,100,90,121,97,138,136,81,91,118,88,120,119,49,129,90,138,140,150,146,157,161,144,157,153,NA,735,1.0251,0.0104,moderate_increase
Sweden,Somatochlora metallica,NA,NA,NA,NA,NA,NA,NA,NA,NA,NA,NA,100,115,98,96,93,95,54,103,79,109,109,95,100,105,85,128,119,125,132,137,142,141,143,136,NA,1347,1.0225,0.0059,moderate_increase
Sweden,Sympecma fusca,NA,NA,NA,NA,NA,NA,NA,NA,NA,NA,NA,100,41,58,52,58,71,80,52,52,72,91,59,115,120,102,106,116,129,138,126,119,132,127,135,NA,384,1.0553,0.0128,moderate_increase
Sweden,Sympetrum danae,NA,NA,NA,NA,NA,NA,NA,NA,NA,NA,NA,100,74,81,86,88,99,94,91,83,86,63,83,94,83,97,97,117,111,130,127,125,129,129,130,NA,1727,1.0223,0.0044,moderate_increase
Sweden,Sympetrum flaveolum,NA,NA,NA,NA,NA,NA,NA,NA,NA,NA,NA,100,57,35,110,90,90,102,89,106,116,113,46,86,65,95,97,109,73,104,129,125,108,95,129,NA,598,1.0247,0.0107,moderate_increase
Sweden,Sympetrum sanguineum,NA,NA,NA,NA,NA,NA,NA,NA,NA,NA,NA,100,81,95,80,106,102,97,93,93,111,109,71,95,92,111,124,127,135,142,146,145,142,141,143,NA,2024,1.0255,0.0042,moderate_increase
Sweden,Sympetrum striolatum,NA,NA,NA,NA,NA,NA,NA,NA,NA,NA,NA,100,155,102,186,94,123,99,170,163,128,126,134,186,174,183,175,191,190,202,175,197,172,186,202,NA,565,1.0358,0.0161,moderate_increase
Sweden,Sympetrum vulgatum,NA,NA,NA,NA,NA,NA,NA,NA,NA,NA,NA,100,78,93,93,88,95,84,103,116,82,86,105,81,91,117,116,137,137,143,143,145,145,140,137,NA,1756,1.0269,0.0043,moderate_increase
Wallonia,Aeshna affinis,NA,NA,NA,NA,NA,NA,NA,NA,NA,NA,100,96,108,112,123,141,110,93,98,83,97,148,122,101,84,84,132,85,70,121,146,73,100,136,111,138,33,1.006,0.013,stable
Wallonia,Aeshna cyanea,NA,NA,NA,NA,NA,NA,NA,NA,NA,NA,100,105,105,103,97,96,85,101,97,104,91,100,97,101,97,98,108,99,110,110,108,104,109,110,106,110,1728,1.0045,0.0015,moderate_increase
Wallonia,Aeshna grandis,NA,NA,NA,NA,NA,NA,NA,NA,NA,NA,100,109,100,99,90,111,71,106,50,106,104,93,89,110,98,124,112,112,102,127,111,122,114,138,121,130,760,1.0142,0.0037,moderate_increase
Wallonia,Aeshna juncea,NA,NA,NA,NA,NA,NA,NA,NA,NA,NA,100,110,99,103,104,102,83,100,104,117,98,102,103,102,93,108,112,110,104,95,86,102,117,119,124,104,172,1.0035,0.0044,stable
Wallonia,Aeshna mixta,NA,NA,NA,NA,NA,NA,NA,NA,NA,NA,100,88,94,82,89,87,70,92,90,90,97,77,68,76,56,76,108,97,98,102,98,102,110,113,107,99,592,1.0083,0.0027,moderate_increase
Wallonia,Anax imperator,NA,NA,NA,NA,NA,NA,NA,NA,NA,NA,100,92,114,120,118,126,121,109,120,126,121,121,121,130,115,120,128,132,135,136,137,133,124,136,132,129,1518,1.0094,0.0019,moderate_increase
Wallonia,Anax parthenope,NA,NA,NA,NA,NA,NA,NA,NA,NA,NA,100,100,131,81,97,134,126,87,137,154,182,138,132,97,82,154,152,167,158,100,145,108,155,188,210,206,77,1.0315,0.0183,uncertain
Wallonia,Brachytron pratense,NA,NA,NA,NA,NA,NA,NA,NA,NA,NA,100,131,124,109,132,118,126,162,134,127,156,182,105,104,164,118,162,103,124,178,151,197,178,162,154,142,44,1.0214,0.0143,uncertain
Wallonia,Calopteryx splendens,NA,NA,NA,NA,NA,NA,NA,NA,NA,NA,100,104,114,124,145,146,142,149,146,149,138,133,135,159,144,140,143,132,156,156,154,141,146,134,151,154,1161,1.0097,0.003,moderate_increase
Wallonia,Calopteryx virgo,NA,NA,NA,NA,NA,NA,NA,NA,NA,NA,100,96,101,98,98,107,108,101,100,101,111,87,90,113,90,104,123,121,127,121,131,122,118,126,116,122,1812,1.0111,0.0022,moderate_increase
Wallonia,Chalcolestes viridis,NA,NA,NA,NA,NA,NA,NA,NA,NA,NA,100,80,94,88,93,94,72,95,95,105,90,95,93,103,98,103,110,107,103,98,103,104,94,104,109,104,680,1.0079,0.0035,moderate_increase
Wallonia,Coenagrion hastulatum,NA,NA,NA,NA,NA,NA,NA,NA,NA,NA,100,93,103,91,90,34,81,74,91,93,88,100,90,98,75,89,100,91,84,69,89,82,89,103,114,94,36,1.0075,0.0079,stable
Wallonia,Coenagrion mercuriale,NA,NA,NA,NA,NA,NA,NA,NA,NA,NA,100,69,67,62,76,93,89,87,60,49,88,57,99,101,102,69,108,54,113,64,118,93,98,106,104,107,45,1.0188,0.0118,stable
Wallonia,Coenagrion puella,NA,NA,NA,NA,NA,NA,NA,NA,NA,NA,100,103,99,103,101,103,105,107,101,105,105,107,97,99,101,100,106,107,109,109,110,109,111,109,106,103,1856,1.0028,0.0013,moderate_increase
Wallonia,Coenagrion pulchellum,NA,NA,NA,NA,NA,NA,NA,NA,NA,NA,100,118,99,116,102,139,114,143,103,134,135,147,121,132,119,83,57,70,141,71,79,137,131,132,69,95,42,0.9923,0.0099,stable
Wallonia,Coenagrion scitulum,NA,NA,NA,NA,NA,NA,NA,NA,NA,NA,100,100,103,76,61,40,40,60,135,107,96,96,77,79,49,38,145,147,116,137,168,247,251,213,227,244,164,1.0638,0.0192,moderate_increase
Wallonia,Cordulegaster bidentata,NA,NA,NA,NA,NA,NA,NA,NA,NA,NA,100,107,94,96,96,93,95,53,78,93,102,74,75,92,105,89,103,101,120,111,110,136,99,84,70,78,52,1.0058,0.009,stable
Wallonia,Cordulegaster boltonii,NA,NA,NA,NA,NA,NA,NA,NA,NA,NA,100,87,86,83,88,79,75,68,78,76,79,74,78,89,90,89,94,91,89,102,90,76,81,93,82,83,652,1.0022,0.0037,stable
Wallonia,Cordulia aenea,NA,NA,NA,NA,NA,NA,NA,NA,NA,NA,100,88,103,102,97,117,110,79,105,114,133,136,109,105,129,129,136,125,130,121,135,138,130,132,125,124,626,1.0146,0.0039,moderate_increase
Wallonia,Crocothemis erythraea,NA,NA,NA,NA,NA,NA,NA,NA,NA,NA,100,133,301,370,509,571,548,392,491,414,481,513,407,401,318,541,761,758,880,828,768,749,764,707,761,758,251,1.0628,0.0132,moderate_increase
Wallonia,Enallagma cyathigerum,NA,NA,NA,NA,NA,NA,NA,NA,NA,NA,100,93,96,94,97,97,94,105,102,95,94,90,91,95,80,95,106,105,107,105,105,97,99,97,98,94,1421,1.0016,0.0016,stable
Wallonia,Epitheca bimaculata,NA,NA,NA,NA,NA,NA,NA,NA,NA,NA,100,77,86,59,105,62,81,89,60,52,43,61,71,56,81,61,61,99,103,100,59,114,35,70,75,73,27,1.0005,0.0134,stable
Wallonia,Erythromma lindenii,NA,NA,NA,NA,NA,NA,NA,NA,NA,NA,100,208,219,236,200,456,304,297,470,587,516,295,317,509,584,565,484,517,477,556,541,537,567,456,420,394,172,1.0486,0.0153,moderate_increase
Wallonia,Erythromma najas,NA,NA,NA,NA,NA,NA,NA,NA,NA,NA,100,68,97,100,109,106,85,81,86,126,130,107,96,101,128,137,117,79,117,121,124,127,128,137,135,118,358,1.0164,0.0051,moderate_increase
Wallonia,Erythromma viridulum,NA,NA,NA,NA,NA,NA,NA,NA,NA,NA,100,172,185,175,242,283,190,194,199,196,180,214,244,227,222,219,289,284,282,291,264,260,258,272,291,281,321,1.0261,0.0068,moderate_increase
Wallonia,Gomphus pulchellus,NA,NA,NA,NA,NA,NA,NA,NA,NA,NA,100,152,149,151,146,169,162,192,190,222,218,206,187,214,213,224,251,245,228,217,232,239,212,229,230,198,574,1.0233,0.0047,moderate_increase
Wallonia,Gomphus vulgatissimus,NA,NA,NA,NA,NA,NA,NA,NA,NA,NA,100,95,151,156,104,110,163,160,112,92,150,129,90,131,147,163,193,116,153,186,156,158,108,135,94,88,129,1.0078,0.0128,stable
Wallonia,Ischnura elegans,NA,NA,NA,NA,NA,NA,NA,NA,NA,NA,100,90,90,99,102,102,101,101,98,99,102,95,95,98,98,99,99,104,107,107,102,98,96,98,93,90,1631,1.0003,0.0012,stable
Wallonia,Ischnura pumilio,NA,NA,NA,NA,NA,NA,NA,NA,NA,NA,100,59,45,103,107,43,41,62,101,77,81,68,88,146,154,126,149,131,178,132,126,159,178,153,135,97,264,1.0461,0.0101,moderate_increase
Wallonia,Lestes barbarus,NA,NA,NA,NA,NA,NA,NA,NA,NA,NA,100,121,114,150,178,307,199,228,214,196,175,247,134,167,198,205,328,231,237,275,201,144,156,108,271,173,73,1.0213,0.0208,uncertain
Wallonia,Lestes dryas,NA,NA,NA,NA,NA,NA,NA,NA,NA,NA,100,85,94,70,80,89,67,74,72,63,54,51,49,47,53,34,49,74,103,55,93,68,67,74,87,73,82,0.9937,0.0083,stable
Wallonia,Lestes sponsa,NA,NA,NA,NA,NA,NA,NA,NA,NA,NA,100,94,99,102,101,104,76,88,78,84,87,85,78,77,76,93,97,93,89,95,87,90,99,100,99,91,525,0.9999,0.0026,stable
Wallonia,Leucorrhinia dubia,NA,NA,NA,NA,NA,NA,NA,NA,NA,NA,100,89,92,82,81,76,69,69,68,77,77,84,73,73,69,58,61,59,68,72,70,70,87,101,78,75,146,0.9954,0.0044,stable
Wallonia,Leucorrhinia pectoralis,NA,NA,NA,NA,NA,NA,NA,NA,NA,NA,100,96,92,93,95,96,96,89,81,90,99,96,90,113,87,88,84,92,80,63,89,79,190,135,134,116,57,1.0106,0.0184,stable
Wallonia,Leucorrhinia rubicunda,NA,NA,NA,NA,NA,NA,NA,NA,NA,NA,100,73,100,91,96,68,69,91,64,62,70,75,81,63,59,51,57,65,41,33,28,72,129,119,109,64,39,0.99,0.0133,stable
Wallonia,Libellula depressa,NA,NA,NA,NA,NA,NA,NA,NA,NA,NA,100,89,98,102,94,96,98,96,84,95,96,97,88,98,96,102,107,107,110,110,112,111,106,107,101,96,1852,1.0058,0.0017,moderate_increase
Wallonia,Libellula fulva,NA,NA,NA,NA,NA,NA,NA,NA,NA,NA,100,120,122,128,126,109,108,120,164,180,256,218,206,213,267,216,249,237,283,228,378,367,364,327,439,401,98,1.0718,0.0225,moderate_increase
Wallonia,Libellula quadrimaculata,NA,NA,NA,NA,NA,NA,NA,NA,NA,NA,100,100,113,113,89,96,89,85,97,110,105,130,100,110,102,109,114,85,119,132,124,130,138,139,128,133,653,1.0136,0.0034,moderate_increase
Wallonia,Onychogomphus forcipatus,NA,NA,NA,NA,NA,NA,NA,NA,NA,NA,100,220,247,208,232,227,237,249,262,263,275,282,287,300,290,303,348,170,219,299,288,212,298,319,226,285,313,1.0172,0.0089,stable
Wallonia,Orthetrum brunneum,NA,NA,NA,NA,NA,NA,NA,NA,NA,NA,100,82,67,75,92,93,103,84,76,87,87,104,80,115,124,131,168,165,141,134,167,114,137,105,118,135,170,1.0301,0.0134,moderate_increase
Wallonia,Orthetrum cancellatum,NA,NA,NA,NA,NA,NA,NA,NA,NA,NA,100,97,103,111,109,113,108,111,100,108,96,103,96,107,109,108,120,121,116,113,114,121,118,116,111,110,1165,1.0054,0.0019,moderate_increase
Wallonia,Orthetrum coerulescens,NA,NA,NA,NA,NA,NA,NA,NA,NA,NA,100,89,113,110,85,190,75,81,171,206,159,110,114,336,213,234,243,365,331,328,342,285,299,315,315,337,212,1.0678,0.0116,moderate_increase
Wallonia,Oxygastra curtisii,NA,NA,NA,NA,NA,NA,NA,NA,NA,NA,100,54,76,65,64,72,90,51,95,61,73,117,121,121,52,103,110,49,121,113,108,105,99,88,92,77,43,1.0188,0.0115,stable
Wallonia,Platycnemis pennipes,NA,NA,NA,NA,NA,NA,NA,NA,NA,NA,100,101,104,120,111,134,131,129,132,138,136,132,136,135,130,138,136,125,132,132,140,145,136,136,134,127,1216,1.0088,0.0022,moderate_increase
Wallonia,Pyrrhosoma nymphula,NA,NA,NA,NA,NA,NA,NA,NA,NA,NA,100,102,100,105,105,99,102,102,94,106,106,107,108,108,98,102,102,92,111,106,105,108,106,113,106,103,1794,1.0022,0.0015,stable
Wallonia,Somatochlora arctica,NA,NA,NA,NA,NA,NA,NA,NA,NA,NA,100,93,128,111,105,104,113,101,110,125,120,111,100,101,39,124,123,110,118,130,119,93,91,116,56,54,58,0.9892,0.0097,stable
Wallonia,Somatochlora flavomaculata,NA,NA,NA,NA,NA,NA,NA,NA,NA,NA,100,93,92,92,101,55,87,91,98,117,82,84,63,86,81,64,69,60,78,68,117,86,77,137,71,71,28,0.9954,0.0123,stable
Wallonia,Somatochlora metallica,NA,NA,NA,NA,NA,NA,NA,NA,NA,NA,100,86,101,105,96,103,104,109,101,98,111,86,83,90,93,89,86,97,105,104,109,100,105,104,111,101,508,1.002,0.0034,stable
Wallonia,Sympecma fusca,NA,NA,NA,NA,NA,NA,NA,NA,NA,NA,100,201,93,78,104,154,101,122,152,142,185,163,147,142,180,194,278,255,164,207,255,225,211,246,227,225,166,1.0485,0.0157,moderate_increase
Wallonia,Sympetrum danae,NA,NA,NA,NA,NA,NA,NA,NA,NA,NA,100,112,93,86,101,118,104,105,92,111,102,65,80,100,104,93,97,82,102,111,101,101,113,121,110,96,448,1.0028,0.003,stable
Wallonia,Sympetrum flaveolum,NA,NA,NA,NA,NA,NA,NA,NA,NA,NA,100,110,105,108,130,215,189,177,111,202,95,102,106,158,64,199,175,119,83,99,73,79,91,107,108,112,61,0.9815,0.025,uncertain
Wallonia,Sympetrum fonscolombii,NA,NA,NA,NA,NA,NA,NA,NA,NA,NA,100,243,210,267,223,241,272,243,364,345,270,218,382,395,226,264,282,531,394,364,376,172,225,416,302,504,172,1.0332,0.0155,moderate_increase
Wallonia,Sympetrum sanguineum,NA,NA,NA,NA,NA,NA,NA,NA,NA,NA,100,94,98,80,82,120,94,108,105,109,104,96,103,93,89,85,120,120,118,109,104,93,96,112,104,99,803,1.0043,0.0027,stable
Wallonia,Sympetrum striolatum,NA,NA,NA,NA,NA,NA,NA,NA,NA,NA,100,89,102,115,115,117,111,113,107,136,130,121,117,115,129,132,145,145,145,153,147,150,145,136,144,132,805,1.0166,0.004,moderate_increase
Wallonia,Sympetrum vulgatum,NA,NA,NA,NA,NA,NA,NA,NA,NA,NA,100,98,106,84,76,83,76,95,58,97,79,61,74,86,82,89,114,78,69,87,84,61,82,107,57,66,227,0.9925,0.0062,stable
